State,District,Crop,Year,Area_Hectares,Production_Tonnes,Yield_Tonnes_Per_Hectare,Annual_Rainfall_mm,Avg_Temperature_C,Avg_Humidity_Percent,Avg_Min_Price,Avg_Max_Price,Avg_Modal_Price
Andhra Pradesh,Guntur,Rice,2020,28654,121831.81,4.252,698.6,25.291666666666668,60.89166666666667,1996.9191666666666,2344.2075,2170.5641666666666
Andhra Pradesh,Guntur,Rice,2021,26575,109596.96,4.124,589.5,25.5,58.23333333333333,2095.6566666666668,2460.116666666667,2277.8866666666668
Andhra Pradesh,Guntur,Rice,2022,21850,86406.83,3.955,734.0,26.866666666666664,66.38333333333334,2106.5,2472.8483333333334,2289.6741666666667
Andhra Pradesh,Guntur,Rice,2023,16363,65822.87,4.023,707.3,26.008333333333336,62.725,2169.771666666667,2547.1225,2358.4474999999998
Andhra Pradesh,Guntur,Rice,2024,5769,24588.24,4.262,592.5,26.516666666666666,56.291666666666664,2226.1683333333335,2613.3266666666664,2419.7475
Andhra Pradesh,Guntur,Rice,2025,7433,29870.92,4.019,387.9,26.416666666666668,53.949999999999996,2262.0775,2655.4841666666666,2458.78
Andhra Pradesh,Guntur,Maize,2020,25939,95874.77,3.696,698.6,25.291666666666668,60.89166666666667,1772.6416666666667,2080.9258333333332,1926.7833333333335
Andhra Pradesh,Guntur,Maize,2021,23942,85101.16,3.554,589.5,25.5,58.23333333333333,1791.944166666667,2103.5875,1947.765
Andhra Pradesh,Guntur,Maize,2022,5189,18883.27,3.639,734.0,26.866666666666664,66.38333333333334,1836.9433333333334,2156.4083333333333,1996.6758333333335
Andhra Pradesh,Guntur,Maize,2023,6899,29368.26,4.257,707.3,26.008333333333336,62.725,1840.1616666666666,2160.1875,2000.1741666666667
Andhra Pradesh,Guntur,Maize,2024,16394,66666.15,4.066,592.5,26.516666666666666,56.291666666666664,1877.5883333333334,2204.1233333333334,2040.8575
Andhra Pradesh,Guntur,Maize,2025,19502,74031.84,3.796,387.9,26.416666666666668,53.949999999999996,1936.1658333333332,2272.8908333333334,2104.528333333333
Andhra Pradesh,Guntur,Cotton,2020,28897,57269.66,1.982,698.6,25.291666666666668,60.89166666666667,6121.037499999999,7185.568333333334,6653.302500000001
Andhra Pradesh,Guntur,Cotton,2021,26870,70615.72,2.628,589.5,25.5,58.23333333333333,6502.2775,7633.107499999999,7067.6925
Andhra Pradesh,Guntur,Cotton,2022,22159,42322.48,1.91,734.0,26.866666666666664,66.38333333333334,6465.355,7589.765833333334,7027.560833333333
Andhra Pradesh,Guntur,Cotton,2023,24457,44482.62,1.819,707.3,26.008333333333336,62.725,6877.806666666666,8073.946666666667,7475.876666666667
Andhra Pradesh,Guntur,Cotton,2024,25227,59309.93,2.351,592.5,26.516666666666666,56.291666666666664,6952.419166666667,8161.535833333332,7556.9783333333335
Andhra Pradesh,Guntur,Cotton,2025,16534,33209.09,2.009,387.9,26.416666666666668,53.949999999999996,7179.96,8428.648333333333,7804.305833333333
Andhra Pradesh,Guntur,Groundnut,2020,28247,80428.55,2.847,698.6,25.291666666666668,60.89166666666667,5202.450833333333,6107.224166666667,5654.8358333333335
Andhra Pradesh,Guntur,Groundnut,2021,26271,52313.9,1.991,589.5,25.5,58.23333333333333,5372.5633333333335,6306.921666666666,5839.741666666666
Andhra Pradesh,Guntur,Groundnut,2022,13571,27204.54,2.005,734.0,26.866666666666664,66.38333333333334,5442.293333333334,6388.778333333333,5915.537499999999
Andhra Pradesh,Guntur,Groundnut,2023,21448,49868.31,2.325,707.3,26.008333333333336,62.725,5554.655833333333,6520.6825,6037.6675
Andhra Pradesh,Guntur,Groundnut,2024,7027,15897.9,2.262,592.5,26.516666666666666,56.291666666666664,5661.3725,6645.9591666666665,6153.666666666667
Andhra Pradesh,Guntur,Groundnut,2025,17666,39132.44,2.215,387.9,26.416666666666668,53.949999999999996,5876.553333333333,6898.56,6387.5575
Andhra Pradesh,Guntur,Chilli,2020,11184,18414.64,1.647,698.6,25.291666666666668,60.89166666666667,9539.065833333334,11198.033333333333,10368.550000000001
Andhra Pradesh,Guntur,Chilli,2021,7454,16980.8,2.278,589.5,25.5,58.23333333333333,9750.574166666667,11446.326666666666,10598.449166666667
Andhra Pradesh,Guntur,Chilli,2022,24115,48013.25,1.991,734.0,26.866666666666664,66.38333333333334,10237.32,12017.723333333333,11127.520833333334
Andhra Pradesh,Guntur,Chilli,2023,10056,18357.01,1.825,707.3,26.008333333333336,62.725,10402.22,12211.300000000001,11306.762499999999
Andhra Pradesh,Guntur,Chilli,2024,25224,47050.96,1.865,592.5,26.516666666666666,56.291666666666664,10577.969166666668,12417.6175,11497.793333333333
Andhra Pradesh,Guntur,Chilli,2025,17685,36113.19,2.042,387.9,26.416666666666668,53.949999999999996,10421.768333333333,12234.249166666666,11328.0075
Andhra Pradesh,Krishna,Rice,2020,26518,104415.58,3.938,683.9,25.991666666666664,60.98333333333333,2022.405,2374.125833333333,2198.2658333333334
Andhra Pradesh,Krishna,Rice,2021,29242,120986.87,4.137,440.29999999999995,25.816666666666666,59.44166666666666,2084.1058333333335,2446.56,2265.3308333333334
Andhra Pradesh,Krishna,Rice,2022,13755,63223.09,4.596,738.4,26.625,59.38333333333333,2117.4466666666667,2485.6974999999998,2301.5716666666667
Andhra Pradesh,Krishna,Rice,2023,19820,74353.11,3.751,526.5,25.991666666666664,55.80833333333334,2168.5158333333334,2545.6475,2357.0816666666665
Andhra Pradesh,Krishna,Rice,2024,24626,114095.76,4.633,505.2,26.8,58.34166666666667,2252.034166666667,2643.69,2447.8608333333336
Andhra Pradesh,Krishna,Rice,2025,27299,120397.98,4.41,686.2,26.59166666666667,68.375,2285.0183333333334,2682.4125,2483.7175
Andhra Pradesh,Krishna,Maize,2020,18931,76404.55,4.036,683.9,25.991666666666664,60.98333333333333,1713.9791666666667,2012.0633333333333,1863.0208333333333
Andhra Pradesh,Krishna,Maize,2021,20707,79461.67,3.837,440.29999999999995,25.816666666666666,59.44166666666666,1851.53,2173.5358333333334,2012.5325
Andhra Pradesh,Krishna,Maize,2022,6306,24627.04,3.905,738.4,26.625,59.38333333333333,1820.4908333333333,2137.0983333333334,1978.795
Andhra Pradesh,Krishna,Maize,2023,27248,96771.18,3.551,526.5,25.991666666666664,55.80833333333334,1849.2583333333332,2170.8675,2010.0641666666668
Andhra Pradesh,Krishna,Maize,2024,10530,36820.11,3.497,505.2,26.8,58.34166666666667,1955.8741666666665,2296.0266666666666,2125.9516666666664
Andhra Pradesh,Krishna,Maize,2025,18545,70877.06,3.822,686.2,26.59166666666667,68.375,1975.8100000000002,2319.43,2147.62
Andhra Pradesh,Krishna,Cotton,2020,22879,53055.53,2.319,683.9,25.991666666666664,60.98333333333333,6110.745833333333,7173.485833333333,6642.115000000001
Andhra Pradesh,Krishna,Cotton,2021,18808,33401.79,1.776,440.29999999999995,25.816666666666666,59.44166666666666,6322.169999999999,7421.677500000001,6871.923333333333
Andhra Pradesh,Krishna,Cotton,2022,16649,35099.22,2.108,738.4,26.625,59.38333333333333,6393.010833333334,7504.839166666668,6948.923333333333
Andhra Pradesh,Krishna,Cotton,2023,22082,60156.73,2.724,526.5,25.991666666666664,55.80833333333334,6947.8533333333335,8156.174999999999,7552.014166666667
Andhra Pradesh,Krishna,Cotton,2024,18877,38290.91,2.028,505.2,26.8,58.34166666666667,7069.305,8298.750833333334,7684.029166666667
Andhra Pradesh,Krishna,Cotton,2025,27912,53428.21,1.914,686.2,26.59166666666667,68.375,7039.23,8263.443333333335,7651.336666666666
Andhra Pradesh,Krishna,Groundnut,2020,23091,50572.22,2.19,683.9,25.991666666666664,60.98333333333333,5240.825,6152.275000000001,5696.552500000001
Andhra Pradesh,Krishna,Groundnut,2021,9931,21825.32,2.198,440.29999999999995,25.816666666666666,59.44166666666666,5281.155,6199.615000000001,5740.384999999999
Andhra Pradesh,Krishna,Groundnut,2022,17688,46585.74,2.634,738.4,26.625,59.38333333333333,5419.5325,6362.06,5890.795833333334
Andhra Pradesh,Krishna,Groundnut,2023,24315,59520.15,2.448,526.5,25.991666666666664,55.80833333333334,5673.764999999999,6660.505,6167.135833333334
Andhra Pradesh,Krishna,Groundnut,2024,16774,35556.69,2.12,505.2,26.8,58.34166666666667,5767.732500000001,6770.8175,6269.276666666668
Andhra Pradesh,Krishna,Groundnut,2025,20708,52931.14,2.556,686.2,26.59166666666667,68.375,5776.531666666667,6781.145833333333,6278.838333333333
Andhra Pradesh,Krishna,Chilli,2020,19243,32903.52,1.71,683.9,25.991666666666664,60.98333333333333,9629.112500000001,11303.740833333335,10466.426666666666
Andhra Pradesh,Krishna,Chilli,2021,13338,21763.28,1.632,440.29999999999995,25.816666666666666,59.44166666666666,10241.709166666666,12022.874166666666,11132.291666666666
Andhra Pradesh,Krishna,Chilli,2022,13680,28163.89,2.059,738.4,26.625,59.38333333333333,10106.534166666666,11864.193333333335,10985.365
Andhra Pradesh,Krishna,Chilli,2023,7385,15501.79,2.099,526.5,25.991666666666664,55.80833333333334,10557.012499999999,12393.015833333333,11475.014166666668
Andhra Pradesh,Krishna,Chilli,2024,13120,24784.81,1.889,505.2,26.8,58.34166666666667,10588.69,12430.201666666666,11509.445833333333
Andhra Pradesh,Krishna,Chilli,2025,19075,30334.41,1.59,686.2,26.59166666666667,68.375,10987.714166666667,12898.62,11943.165833333333
Andhra Pradesh,Kurnool,Rice,2020,10423,45175.31,4.334,666.8000000000001,25.400000000000002,61.01666666666667,2043.6991666666665,2399.124166666667,2221.4133333333334
Andhra Pradesh,Kurnool,Rice,2021,12158,44944.63,3.697,656.2,26.191666666666666,59.324999999999996,2142.1908333333336,2514.7450000000003,2328.4683333333332
Andhra Pradesh,Kurnool,Rice,2022,20151,85473.7,4.242,805.3,26.21666666666667,61.275,2164.909166666667,2541.415,2353.1625
Andhra Pradesh,Kurnool,Rice,2023,27581,126617.13,4.591,550.9,26.900000000000002,57.15,2089.8516666666665,2453.3033333333333,2271.5791666666664
Andhra Pradesh,Kurnool,Rice,2024,17874,85200.14,4.767,666.6,25.916666666666668,61.60833333333334,2290.820833333333,2689.2233333333334,2490.0216666666665
Andhra Pradesh,Kurnool,Rice,2025,7557,28630.16,3.789,694.3,25.5,61.24166666666667,2217.374166666667,2603.0033333333336,2410.188333333333
Andhra Pradesh,Kurnool,Maize,2020,16969,72596.52,4.278,666.8000000000001,25.400000000000002,61.01666666666667,1755.9191666666666,2061.298333333333,1908.6083333333333
Andhra Pradesh,Kurnool,Maize,2021,18992,68513.03,3.607,656.2,26.191666666666666,59.324999999999996,1793.694166666667,2105.6408333333334,1949.6674999999998
Andhra Pradesh,Kurnool,Maize,2022,27399,114007.67,4.161,805.3,26.21666666666667,61.275,1828.2941666666666,2146.255833333333,1987.2749999999999
Andhra Pradesh,Kurnool,Maize,2023,9735,36165.48,3.715,550.9,26.900000000000002,57.15,1868.5083333333332,2193.465,2030.9866666666667
Andhra Pradesh,Kurnool,Maize,2024,13050,49531.24,3.795,666.6,25.916666666666668,61.60833333333334,1952.5441666666666,2292.1175,2122.3316666666665
Andhra Pradesh,Kurnool,Maize,2025,23077,89411.69,3.874,694.3,25.5,61.24166666666667,1960.7641666666666,2301.766666666667,2131.2658333333334
Andhra Pradesh,Kurnool,Cotton,2020,15677,36030.68,2.298,666.8000000000001,25.400000000000002,61.01666666666667,6309.696666666667,7407.036666666667,6858.3675
Andhra Pradesh,Kurnool,Cotton,2021,20636,51719.19,2.506,656.2,26.191666666666666,59.324999999999996,6501.9875,7632.768333333333,7067.378333333333
Andhra Pradesh,Kurnool,Cotton,2022,14151,30759.5,2.174,805.3,26.21666666666667,61.275,6596.401666666668,7743.6025,7170.0
Andhra Pradesh,Kurnool,Cotton,2023,14007,29004.2,2.071,550.9,26.900000000000002,57.15,6716.500833333333,7884.588333333333,7300.544166666667
Andhra Pradesh,Kurnool,Cotton,2024,23589,53492.93,2.268,666.6,25.916666666666668,61.60833333333334,6933.225833333333,8139.001666666667,7536.115000000001
Andhra Pradesh,Kurnool,Cotton,2025,17468,37726.57,2.16,694.3,25.5,61.24166666666667,6941.310833333333,8148.494166666666,7544.901666666666
Andhra Pradesh,Kurnool,Groundnut,2020,5190,10991.61,2.118,666.8000000000001,25.400000000000002,61.01666666666667,5228.751666666666,6138.100833333334,5683.427500000001
Andhra Pradesh,Kurnool,Groundnut,2021,22568,48343.19,2.142,656.2,26.191666666666666,59.324999999999996,5354.796666666666,6286.065833333333,5820.4325
Andhra Pradesh,Kurnool,Groundnut,2022,6816,16833.02,2.47,805.3,26.21666666666667,61.275,5325.5199999999995,6251.696666666667,5788.608333333334
Andhra Pradesh,Kurnool,Groundnut,2023,10442,24170.01,2.315,550.9,26.900000000000002,57.15,5605.528333333333,6580.4025,6092.965
Andhra Pradesh,Kurnool,Groundnut,2024,12455,32217.6,2.587,666.6,25.916666666666668,61.60833333333334,5660.653333333333,6645.115000000001,6152.884999999999
Andhra Pradesh,Kurnool,Groundnut,2025,29190,74752.07,2.561,694.3,25.5,61.24166666666667,5731.093333333333,6727.806666666667,6229.451666666667
Andhra Pradesh,Kurnool,Chilli,2020,5784,13347.73,2.308,666.8000000000001,25.400000000000002,61.01666666666667,9863.272500000001,11578.620833333334,10720.946666666667
Andhra Pradesh,Kurnool,Chilli,2021,10801,21607.96,2.001,656.2,26.191666666666666,59.324999999999996,9846.496666666668,11558.9325,10702.715
Andhra Pradesh,Kurnool,Chilli,2022,15647,31627.73,2.021,805.3,26.21666666666667,61.275,9929.875833333334,11656.81,10793.3425
Andhra Pradesh,Kurnool,Chilli,2023,29376,51645.7,1.758,550.9,26.900000000000002,57.15,10420.911666666667,12233.2425,11327.079166666668
Andhra Pradesh,Kurnool,Chilli,2024,17039,35720.7,2.096,666.6,25.916666666666668,61.60833333333334,10564.390833333333,12401.675000000001,11483.032500000001
Andhra Pradesh,Kurnool,Chilli,2025,27386,34600.81,1.263,694.3,25.5,61.24166666666667,10908.281666666668,12805.375,11856.828333333333
Andhra Pradesh,Prakasam,Rice,2020,18121,77840.3,4.296,775.1,26.258333333333336,68.375,2037.3391666666666,2391.66,2214.4991666666665
Andhra Pradesh,Prakasam,Rice,2021,25530,103581.23,4.057,525.5,24.150000000000002,63.675000000000004,2069.3141666666666,2429.1941666666667,2249.2541666666666
Andhra Pradesh,Prakasam,Rice,2022,22532,95900.78,4.256,746.8,26.333333333333332,62.5,2163.7791666666667,2540.0866666666666,2351.9325
Andhra Pradesh,Prakasam,Rice,2023,14907,60040.79,4.028,575.3,26.0,62.416666666666664,2132.116666666667,2502.9191666666666,2317.5175
Andhra Pradesh,Prakasam,Rice,2024,19599,83682.97,4.27,597.5,25.724999999999998,62.916666666666664,2211.5891666666666,2596.2125,2403.9
Andhra Pradesh,Prakasam,Rice,2025,21388,92645.26,4.332,585.1,26.75,62.35,2256.2366666666667,2648.6266666666666,2452.4308333333333
Andhra Pradesh,Prakasam,Maize,2020,28411,109328.9,3.848,775.1,26.258333333333336,68.375,1724.62,2024.5525,1874.5866666666668
Andhra Pradesh,Prakasam,Maize,2021,12079,43038.61,3.563,525.5,24.150000000000002,63.675000000000004,1728.22,2028.78,1878.4991666666667
Andhra Pradesh,Prakasam,Maize,2022,26136,81524.51,3.119,746.8,26.333333333333332,62.5,1882.7975,2210.2408333333333,2046.5191666666667
Andhra Pradesh,Prakasam,Maize,2023,10177,41799.69,4.107,575.3,26.0,62.416666666666664,1870.5775,2195.8958333333335,2033.2383333333335
Andhra Pradesh,Prakasam,Maize,2024,6081,24273.9,3.992,597.5,25.724999999999998,62.916666666666664,1918.6241666666665,2252.2975,2085.459166666667
Andhra Pradesh,Prakasam,Maize,2025,18407,76359.76,4.148,585.1,26.75,62.35,1962.985,2304.3741666666665,2133.681666666667
Andhra Pradesh,Prakasam,Cotton,2020,17775,40353.05,2.27,775.1,26.258333333333336,68.375,6096.3533333333335,7156.590833333333,6626.4725
Andhra Pradesh,Prakasam,Cotton,2021,18500,47464.7,2.566,525.5,24.150000000000002,63.675000000000004,6417.974999999999,7534.145,6976.06
Andhra Pradesh,Prakasam,Cotton,2022,20125,40079.79,1.992,746.8,26.333333333333332,62.5,6581.572499999999,7726.194166666667,7153.881666666667
Andhra Pradesh,Prakasam,Cotton,2023,12253,28865.53,2.356,575.3,26.0,62.416666666666664,6667.72,7827.324166666666,7247.5216666666665
Andhra Pradesh,Prakasam,Cotton,2024,16151,30107.57,1.864,597.5,25.724999999999998,62.916666666666664,6971.27,8183.665,7577.468333333333
Andhra Pradesh,Prakasam,Cotton,2025,28805,43082.4,1.496,585.1,26.75,62.35,7098.7575,8333.323333333334,7716.0408333333335
Andhra Pradesh,Prakasam,Groundnut,2020,28049,72625.53,2.589,775.1,26.258333333333336,68.375,5242.661666666667,6154.43,5698.545833333334
Andhra Pradesh,Prakasam,Groundnut,2021,14207,33785.87,2.378,525.5,24.150000000000002,63.675000000000004,5291.552500000001,6211.824166666666,5751.69
Andhra Pradesh,Prakasam,Groundnut,2022,24223,64911.04,2.68,746.8,26.333333333333332,62.5,5465.04,6415.480833333334,5940.259999999999
Andhra Pradesh,Prakasam,Groundnut,2023,5851,14361.29,2.455,575.3,26.0,62.416666666666664,5699.1125,6690.2625,6194.689166666667
Andhra Pradesh,Prakasam,Groundnut,2024,7427,17557.7,2.364,597.5,25.724999999999998,62.916666666666664,5643.735833333333,6625.255,6134.495833333333
Andhra Pradesh,Prakasam,Groundnut,2025,27116,72424.26,2.671,585.1,26.75,62.35,5754.68,6755.495833333333,6255.087500000001
Andhra Pradesh,Prakasam,Chilli,2020,18479,32962.82,1.784,775.1,26.258333333333336,68.375,9690.5975,11375.919166666667,10533.2575
Andhra Pradesh,Prakasam,Chilli,2021,28132,54291.65,1.93,525.5,24.150000000000002,63.675000000000004,9993.575833333334,11731.589999999998,10862.582499999999
Andhra Pradesh,Prakasam,Chilli,2022,8267,16414.98,1.986,746.8,26.333333333333332,62.5,10274.176666666666,12060.988333333335,11167.583333333334
Andhra Pradesh,Prakasam,Chilli,2023,16338,32610.82,1.996,575.3,26.0,62.416666666666664,10539.994166666667,12373.036666666667,11456.515833333333
Andhra Pradesh,Prakasam,Chilli,2024,28548,44075.13,1.544,597.5,25.724999999999998,62.916666666666664,10745.941666666668,12614.799166666666,11680.37
Andhra Pradesh,Prakasam,Chilli,2025,23888,59334.53,2.484,585.1,26.75,62.35,10628.9,12477.405,11553.153333333334
Telangana,Nalgonda,Rice,2020,22506,82025.0,3.645,708.8000000000001,26.59166666666667,65.2,2003.131666666667,2351.5025,2177.318333333333
Telangana,Nalgonda,Rice,2021,7143,30186.64,4.226,621.3,25.349999999999998,66.76666666666667,2053.7400000000002,2410.9133333333334,2232.3275
Telangana,Nalgonda,Rice,2022,17043,73413.08,4.308,668.8,26.28333333333333,61.86666666666667,2134.7425,2506.0033333333336,2320.3733333333334
Telangana,Nalgonda,Rice,2023,19552,73842.78,3.777,745.7,25.958333333333332,61.31666666666666,2142.0533333333333,2514.5833333333335,2328.3166666666666
Telangana,Nalgonda,Rice,2024,17144,75228.18,4.388,653.8,25.5,63.925000000000004,2232.1541666666667,2620.355,2426.2549999999997
Telangana,Nalgonda,Rice,2025,22749,91971.32,4.043,736.4,27.13333333333333,63.46666666666667,2265.0991666666664,2659.028333333333,2462.0641666666666
Telangana,Nalgonda,Maize,2020,18923,68288.96,3.609,708.8000000000001,26.59166666666667,65.2,1799.0258333333334,2111.8991666666666,1955.4616666666668
Telangana,Nalgonda,Maize,2021,22101,94551.43,4.278,621.3,25.349999999999998,66.76666666666667,1755.2608333333335,2060.523333333333,1907.8908333333331
Telangana,Nalgonda,Maize,2022,10486,47114.62,4.493,668.8,26.28333333333333,61.86666666666667,1854.9358333333332,2177.535,2016.235
Telangana,Nalgonda,Maize,2023,26972,109901.7,4.075,745.7,25.958333333333332,61.31666666666666,1887.3125,2215.54,2051.4258333333332
Telangana,Nalgonda,Maize,2024,6062,21665.42,3.574,653.8,25.5,63.925000000000004,1967.9116666666669,2310.1566666666668,2139.034166666667
Telangana,Nalgonda,Maize,2025,16174,68970.07,4.264,736.4,27.13333333333333,63.46666666666667,1992.0,2338.435,2165.2183333333332
Telangana,Nalgonda,Cotton,2020,29394,74231.84,2.525,708.8000000000001,26.59166666666667,65.2,6282.179166666666,7374.732499999999,6828.455833333333
Telangana,Nalgonda,Cotton,2021,16516,38972.67,2.36,621.3,25.349999999999998,66.76666666666667,6317.639166666667,7416.357499999999,6866.999166666667
Telangana,Nalgonda,Cotton,2022,22575,47228.42,2.092,668.8,26.28333333333333,61.86666666666667,6643.3825,7798.756666666667,7221.071666666667
Telangana,Nalgonda,Cotton,2023,26925,57680.46,2.142,745.7,25.958333333333332,61.31666666666666,6847.068333333334,8037.863333333334,7442.465833333333
Telangana,Nalgonda,Cotton,2024,12494,24314.02,1.946,653.8,25.5,63.925000000000004,6837.631666666667,8026.785833333334,7432.208333333333
Telangana,Nalgonda,Cotton,2025,11588,24185.18,2.087,736.4,27.13333333333333,63.46666666666667,6869.294999999999,8063.955000000001,7466.624166666667
Telangana,Nalgonda,Groundnut,2020,27361,50061.02,1.83,708.8000000000001,26.59166666666667,65.2,5183.110833333333,6084.520833333333,5633.816666666667
Telangana,Nalgonda,Groundnut,2021,25652,59647.15,2.325,621.3,25.349999999999998,66.76666666666667,5384.9275,6321.4375,5853.1825
Telangana,Nalgonda,Groundnut,2022,28003,73498.49,2.625,668.8,26.28333333333333,61.86666666666667,5391.723333333333,6329.4158333333335,5860.570833333334
Telangana,Nalgonda,Groundnut,2023,15150,43266.78,2.856,745.7,25.958333333333332,61.31666666666666,5482.900000000001,6436.446666666667,5959.671666666666
Telangana,Nalgonda,Groundnut,2024,5504,10934.14,1.987,653.8,25.5,63.925000000000004,5646.388333333333,6628.366666666666,6137.3775
Telangana,Nalgonda,Groundnut,2025,5823,13548.22,2.327,736.4,27.13333333333333,63.46666666666667,5665.845833333333,6651.21,6158.53
Telangana,Nalgonda,Chilli,2020,7105,13034.27,1.835,708.8000000000001,26.59166666666667,65.2,9722.255833333335,11413.083333333334,10567.669166666667
Telangana,Nalgonda,Chilli,2021,26732,44148.43,1.652,621.3,25.349999999999998,66.76666666666667,9760.8025,11458.335,10609.569166666666
Telangana,Nalgonda,Chilli,2022,16704,37085.61,2.22,668.8,26.28333333333333,61.86666666666667,9992.361666666666,11730.165,10861.263333333334
Telangana,Nalgonda,Chilli,2023,10645,21884.46,2.056,745.7,25.958333333333332,61.31666666666666,10416.490833333333,12228.053333333335,11322.2725
Telangana,Nalgonda,Chilli,2024,13662,26019.25,1.904,653.8,25.5,63.925000000000004,10561.606666666667,12398.406666666668,11480.0075
Telangana,Nalgonda,Chilli,2025,14337,20633.15,1.439,736.4,27.13333333333333,63.46666666666667,10889.920833333334,12783.820833333333,11836.870833333334
Telangana,Warangal,Rice,2020,24129,93506.23,3.875,659.7,25.900000000000002,64.21666666666667,2074.7125,2435.5333333333333,2255.1216666666664
Telangana,Warangal,Rice,2021,9964,46999.08,4.717,678.7,26.433333333333334,57.50833333333333,2066.0516666666667,2425.3666666666663,2245.7091666666665
Telangana,Warangal,Rice,2022,18216,74116.06,4.069,718.9,25.041666666666668,60.824999999999996,2116.4908333333333,2484.5750000000003,2300.5325
Telangana,Warangal,Rice,2023,22308,96928.99,4.345,653.2,24.941666666666666,61.74166666666667,2115.7258333333334,2483.68,2299.704166666667
Telangana,Warangal,Rice,2024,9804,43853.61,4.473,712.2,26.441666666666666,58.68333333333334,2243.5983333333334,2633.7866666666664,2438.6925
Telangana,Warangal,Rice,2025,24255,108642.43,4.479,564.4,26.55,57.475,2283.9258333333332,2681.130833333333,2482.5275
Telangana,Warangal,Maize,2020,10124,37652.56,3.719,659.7,25.900000000000002,64.21666666666667,1751.930833333333,2056.6158333333333,1904.2733333333333
Telangana,Warangal,Maize,2021,7193,28042.84,3.899,678.7,26.433333333333334,57.50833333333333,1756.745,2062.2675,1909.506666666667
Telangana,Warangal,Maize,2022,25309,104889.15,4.144,718.9,25.041666666666668,60.824999999999996,1878.9399999999998,2205.7141666666666,2042.3275
Telangana,Warangal,Maize,2023,25384,82024.83,3.231,653.2,24.941666666666666,61.74166666666667,1885.4650000000001,2213.3716666666664,2049.4183333333335
Telangana,Warangal,Maize,2024,5384,23290.25,4.326,712.2,26.441666666666666,58.68333333333334,1969.2275,2311.7008333333333,2140.4641666666666
Telangana,Warangal,Maize,2025,14860,56653.44,3.812,564.4,26.55,57.475,1999.7216666666666,2347.4975,2173.6108333333336
Telangana,Warangal,Cotton,2020,28524,69387.35,2.433,659.7,25.900000000000002,64.21666666666667,6291.22,7385.343333333333,6838.2825
Telangana,Warangal,Cotton,2021,25562,42340.79,1.656,678.7,26.433333333333334,57.50833333333333,6471.6525,7597.156666666667,7034.405833333333
Telangana,Warangal,Cotton,2022,10997,19213.36,1.747,718.9,25.041666666666668,60.824999999999996,6529.5391666666665,7665.110000000001,7097.325
Telangana,Warangal,Cotton,2023,29323,56255.17,1.918,653.2,24.941666666666666,61.74166666666667,6690.589166666666,7854.168333333334,7272.378333333333
Telangana,Warangal,Cotton,2024,15015,29928.84,1.993,712.2,26.441666666666666,58.68333333333334,7051.231666666667,8277.533333333333,7664.3825
Telangana,Warangal,Cotton,2025,15357,34563.98,2.251,564.4,26.55,57.475,7209.19,8462.961666666666,7836.076666666667
Telangana,Warangal,Groundnut,2020,15176,47460.51,3.127,659.7,25.900000000000002,64.21666666666667,5117.433333333333,6007.421666666666,5562.428333333333
Telangana,Warangal,Groundnut,2021,29285,81805.95,2.793,678.7,26.433333333333334,57.50833333333333,5303.430833333333,6225.766666666666,5764.599166666667
Telangana,Warangal,Groundnut,2022,24198,68430.07,2.828,718.9,25.041666666666668,60.824999999999996,5398.173333333333,6336.986666666667,5867.580833333333
Telangana,Warangal,Groundnut,2023,25914,68240.59,2.633,653.2,24.941666666666666,61.74166666666667,5647.2891666666665,6629.425,6138.356666666667
Telangana,Warangal,Groundnut,2024,11881,25051.02,2.108,712.2,26.441666666666666,58.68333333333334,5768.113333333334,6771.264166666667,6269.688333333333
Telangana,Warangal,Groundnut,2025,11941,27553.87,2.308,564.4,26.55,57.475,5805.388333333333,6815.0225,6310.204166666666
Telangana,Warangal,Chilli,2020,15209,19548.16,1.285,659.7,25.900000000000002,64.21666666666667,9572.370833333332,11237.133333333333,10404.753333333334
Telangana,Warangal,Chilli,2021,14550,24487.37,1.683,678.7,26.433333333333334,57.50833333333333,9906.5025,11629.373333333335,10767.9375
Telangana,Warangal,Chilli,2022,29114,61053.26,2.097,718.9,25.041666666666668,60.824999999999996,10171.840833333334,11940.8575,11056.347499999998
Telangana,Warangal,Chilli,2023,21521,42978.32,1.997,653.2,24.941666666666666,61.74166666666667,10368.411666666667,12171.614166666666,11270.014166666668
Telangana,Warangal,Chilli,2024,24963,47136.04,1.888,712.2,26.441666666666666,58.68333333333334,10786.0725,12661.9125,11723.991666666667
Telangana,Warangal,Chilli,2025,11269,20112.83,1.785,564.4,26.55,57.475,10921.030833333332,12820.340833333334,11870.685
Telangana,Karimnagar,Rice,2020,23290,102558.73,4.404,771.8,27.7,61.708333333333336,1995.1891666666668,2342.179166666667,2168.685
Telangana,Karimnagar,Rice,2021,20183,84117.56,4.168,589.0,26.55,59.074999999999996,2077.5499999999997,2438.8633333333332,2258.2083333333335
Telangana,Karimnagar,Rice,2022,14911,63830.51,4.281,737.7,25.041666666666668,65.09166666666667,2086.411666666667,2449.2683333333334,2267.84
Telangana,Karimnagar,Rice,2023,5666,23729.26,4.188,776.3000000000001,25.25,60.11666666666667,2169.7999999999997,2547.155,2358.4783333333335
Telangana,Karimnagar,Rice,2024,28161,116982.88,4.154,603.2,27.608333333333334,63.68333333333334,2211.931666666667,2596.6175,2404.275
Telangana,Karimnagar,Rice,2025,26969,106421.66,3.946,762.9,25.95,66.23333333333333,2265.445,2659.4341666666664,2462.44
Telangana,Karimnagar,Maize,2020,18716,86674.15,4.631,771.8,27.7,61.708333333333336,1696.6108333333334,1991.6725,1844.1408333333331
Telangana,Karimnagar,Maize,2021,21907,74988.09,3.423,589.0,26.55,59.074999999999996,1776.2575,2085.1749999999997,1930.7175
Telangana,Karimnagar,Maize,2022,19124,69689.08,3.644,737.7,25.041666666666668,65.09166666666667,1809.3958333333333,2124.0733333333333,1966.7366666666667
Telangana,Karimnagar,Maize,2023,27574,103555.08,3.756,776.3000000000001,25.25,60.11666666666667,1878.7266666666667,2205.4616666666666,2042.0925
Telangana,Karimnagar,Maize,2024,27877,97068.75,3.482,603.2,27.608333333333334,63.68333333333334,1963.0675,2304.4708333333333,2133.7691666666665
Telangana,Karimnagar,Maize,2025,9432,35502.98,3.764,762.9,25.95,66.23333333333333,1997.2566666666664,2344.6066666666666,2170.9308333333333
Telangana,Karimnagar,Cotton,2020,19178,36088.69,1.882,771.8,27.7,61.708333333333336,6077.1825,7134.083333333333,6605.6325
Telangana,Karimnagar,Cotton,2021,22022,46449.07,2.109,589.0,26.55,59.074999999999996,6440.839166666666,7560.985833333333,7000.912499999999
Telangana,Karimnagar,Cotton,2022,13150,31723.35,2.412,737.7,25.041666666666668,65.09166666666667,6600.006666666667,7747.8358333333335,7173.921666666666
Telangana,Karimnagar,Cotton,2023,11809,26670.99,2.259,776.3000000000001,25.25,60.11666666666667,6860.260833333334,8053.348333333334,7456.803333333333
Telangana,Karimnagar,Cotton,2024,24181,55019.43,2.275,603.2,27.608333333333334,63.68333333333334,6908.8775,8110.421666666666,7509.650000000001
Telangana,Karimnagar,Cotton,2025,6906,12157.28,1.76,762.9,25.95,66.23333333333333,6934.446666666667,8140.435833333333,7537.440833333334
Telangana,Karimnagar,Groundnut,2020,17772,37563.43,2.114,771.8,27.7,61.708333333333336,5164.7908333333335,6063.015833333334,5613.905
Telangana,Karimnagar,Groundnut,2021,22680,46246.62,2.039,589.0,26.55,59.074999999999996,5289.6825,6209.628333333333,5749.654166666667
Telangana,Karimnagar,Groundnut,2022,20147,40361.05,2.003,737.7,25.041666666666668,65.09166666666667,5490.309166666666,6445.144166666666,5967.7275
Telangana,Karimnagar,Groundnut,2023,11168,30278.18,2.711,776.3000000000001,25.25,60.11666666666667,5559.871666666667,6526.809166666667,6043.340833333333
Telangana,Karimnagar,Groundnut,2024,11371,33954.25,2.986,603.2,27.608333333333334,63.68333333333334,5669.25,6655.205000000001,6162.2275
Telangana,Karimnagar,Groundnut,2025,12943,40170.6,3.104,762.9,25.95,66.23333333333333,5698.919999999999,6690.034166666667,6194.4783333333335
Telangana,Karimnagar,Chilli,2020,20913,27850.12,1.332,771.8,27.7,61.708333333333336,9907.791666666666,11630.883333333333,10769.3375
Telangana,Karimnagar,Chilli,2021,26785,46893.09,1.751,589.0,26.55,59.074999999999996,9603.674166666666,11273.879166666668,10438.776666666667
Telangana,Karimnagar,Chilli,2022,15554,28552.76,1.836,737.7,25.041666666666668,65.09166666666667,10357.945833333333,12159.328333333333,11258.637499999999
Telangana,Karimnagar,Chilli,2023,22844,36256.37,1.587,776.3000000000001,25.25,60.11666666666667,10306.555833333334,12098.999166666666,11202.778333333334
Telangana,Karimnagar,Chilli,2024,28370,58196.04,2.051,603.2,27.608333333333334,63.68333333333334,10828.824166666667,12712.098333333333,11770.46
Telangana,Karimnagar,Chilli,2025,29579,60125.12,2.033,762.9,25.95,66.23333333333333,10917.7775,12816.521666666667,11867.148333333333
Telangana,Khammam,Rice,2020,10560,49482.21,4.686,667.0,26.516666666666666,63.916666666666664,2008.5008333333335,2357.804166666667,2183.1516666666666
Telangana,Khammam,Rice,2021,20385,84397.73,4.14,550.1,26.925,63.199999999999996,2096.7549999999997,2461.4083333333333,2279.0816666666665
Telangana,Khammam,Rice,2022,11469,46862.17,4.086,612.7,25.724999999999998,62.88333333333333,2097.52,2462.306666666667,2279.9125
Telangana,Khammam,Rice,2023,11283,45248.01,4.01,659.9,25.208333333333332,60.75833333333333,2196.383333333333,2578.3616666666667,2387.3725
Telangana,Khammam,Rice,2024,17607,70126.72,3.983,576.0,26.208333333333332,60.10833333333333,2252.0808333333334,2643.7450000000003,2447.9125
Telangana,Khammam,Rice,2025,11988,49397.66,4.121,645.1,26.566666666666666,56.84166666666667,2237.5,2626.6316666666667,2432.0641666666666
Telangana,Khammam,Maize,2020,17977,64773.85,3.603,667.0,26.516666666666666,63.916666666666664,1780.555833333333,2090.215833333333,1935.385
Telangana,Khammam,Maize,2021,14865,58059.53,3.906,550.1,26.925,63.199999999999996,1827.930833333333,2145.8316666666665,1986.8808333333334
Telangana,Khammam,Maize,2022,15568,65923.7,4.235,612.7,25.724999999999998,62.88333333333333,1839.1766666666665,2159.0316666666668,1999.1033333333335
Telangana,Khammam,Maize,2023,19231,78779.91,4.097,659.9,25.208333333333332,60.75833333333333,1854.7833333333335,2177.3541666666665,2016.069166666667
Telangana,Khammam,Maize,2024,14310,55037.84,3.846,576.0,26.208333333333332,60.10833333333333,1994.8608333333332,2341.7925,2168.3250000000003
Telangana,Khammam,Maize,2025,24019,92382.65,3.846,645.1,26.566666666666666,56.84166666666667,1953.2416666666668,2292.935,2123.0883333333336
Telangana,Khammam,Cotton,2020,8391,19526.65,2.327,667.0,26.516666666666666,63.916666666666664,6320.121666666666,7419.2733333333335,6869.697499999999
Telangana,Khammam,Cotton,2021,13007,30547.67,2.349,550.1,26.925,63.199999999999996,6278.715833333333,7370.665,6824.6875
Telangana,Khammam,Cotton,2022,28325,60976.28,2.153,612.7,25.724999999999998,62.88333333333333,6623.944166666667,7775.933333333333,7199.938333333333
Telangana,Khammam,Cotton,2023,24282,64576.0,2.659,659.9,25.208333333333332,60.75833333333333,6515.585,7648.73,7082.1575
Telangana,Khammam,Cotton,2024,25611,45792.86,1.788,576.0,26.208333333333332,60.10833333333333,6838.71,8028.05,7433.38
Telangana,Khammam,Cotton,2025,15535,34931.06,2.249,645.1,26.566666666666666,56.84166666666667,7102.294166666667,8337.475833333334,7719.884166666667
Telangana,Khammam,Groundnut,2020,11943,24485.67,2.05,667.0,26.516666666666666,63.916666666666664,5192.431666666666,6095.465,5643.948333333334
Telangana,Khammam,Groundnut,2021,26526,60607.84,2.285,550.1,26.925,63.199999999999996,5390.220833333334,6327.650000000001,5858.935833333333
Telangana,Khammam,Groundnut,2022,7192,18499.92,2.572,612.7,25.724999999999998,62.88333333333333,5533.46,6495.801666666666,6014.631666666667
Telangana,Khammam,Groundnut,2023,23381,56994.74,2.438,659.9,25.208333333333332,60.75833333333333,5556.668333333334,6523.044166666667,6039.855833333334
Telangana,Khammam,Groundnut,2024,22586,49179.52,2.177,576.0,26.208333333333332,60.10833333333333,5613.315,6589.544166666667,6101.431666666666
Telangana,Khammam,Groundnut,2025,20374,54231.81,2.662,645.1,26.566666666666666,56.84166666666667,5954.087500000001,6989.580000000001,6471.8341666666665
Telangana,Khammam,Chilli,2020,14446,31324.93,2.168,667.0,26.516666666666666,63.916666666666664,9617.464166666667,11290.065833333334,10453.764166666666
Telangana,Khammam,Chilli,2021,22334,36725.41,1.644,550.1,26.925,63.199999999999996,9872.8775,11589.901666666667,10731.39
Telangana,Khammam,Chilli,2022,9612,18826.36,1.959,612.7,25.724999999999998,62.88333333333333,10062.936666666666,11813.013333333334,10937.975
Telangana,Khammam,Chilli,2023,27412,41598.44,1.518,659.9,25.208333333333332,60.75833333333333,10376.411666666667,12181.005,11278.709166666667
Telangana,Khammam,Chilli,2024,8228,19759.07,2.401,576.0,26.208333333333332,60.10833333333333,10434.370833333332,12249.046666666667,11341.709166666667
Telangana,Khammam,Chilli,2025,23755,51746.19,2.178,645.1,26.566666666666666,56.84166666666667,10928.5675,12829.188333333334,11878.875833333334
Karnataka,Mysuru,Rice,2020,21478,104943.46,4.886,668.7,25.75,67.63333333333334,2048.59,2404.8650000000002,2226.726666666667
Karnataka,Mysuru,Rice,2021,5793,21900.47,3.781,697.2,26.183333333333334,63.59166666666667,2090.8375,2454.46,2272.6475
Karnataka,Mysuru,Rice,2022,17298,73792.05,4.266,663.6,26.366666666666664,57.650000000000006,2120.7491666666665,2489.5750000000003,2305.1616666666664
Karnataka,Mysuru,Rice,2023,16397,57292.79,3.494,636.3,25.71666666666667,59.75,2168.8849999999998,2546.0825,2357.483333333333
Karnataka,Mysuru,Rice,2024,15541,67756.16,4.36,625.0,26.974999999999998,59.59166666666667,2230.5025,2618.4175,2424.4575
Karnataka,Mysuru,Rice,2025,12783,58478.53,4.575,771.0,26.0,60.05833333333333,2266.725,2660.9391666666666,2463.8325
Karnataka,Mysuru,Maize,2020,29174,124901.06,4.281,668.7,25.75,67.63333333333334,1765.2524999999998,2072.2516666666666,1918.7508333333333
Karnataka,Mysuru,Maize,2021,12147,50981.83,4.197,697.2,26.183333333333334,63.59166666666667,1772.1208333333334,2080.3158333333336,1926.22
Karnataka,Mysuru,Maize,2022,25260,96169.89,3.807,663.6,26.366666666666664,57.650000000000006,1797.0133333333333,2109.5383333333334,1953.2758333333334
Karnataka,Mysuru,Maize,2023,13795,50571.79,3.666,636.3,25.71666666666667,59.75,1869.4633333333334,2194.5866666666666,2032.0233333333333
Karnataka,Mysuru,Maize,2024,25530,98310.1,3.851,625.0,26.974999999999998,59.59166666666667,1903.0366666666666,2234.0,2068.516666666667
Karnataka,Mysuru,Maize,2025,8797,31566.4,3.588,771.0,26.0,60.05833333333333,1936.1033333333332,2272.8158333333336,2104.4583333333335
Karnataka,Mysuru,Cotton,2020,19755,47043.56,2.381,668.7,25.75,67.63333333333334,6403.263333333333,7516.875,6960.070833333334
Karnataka,Mysuru,Cotton,2021,26415,58963.4,2.232,697.2,26.183333333333334,63.59166666666667,6513.95,7646.81,7080.378333333334
Karnataka,Mysuru,Cotton,2022,14524,30561.97,2.104,663.6,26.366666666666664,57.650000000000006,6669.581666666666,7829.5075,7249.544166666667
Karnataka,Mysuru,Cotton,2023,9212,18731.61,2.033,636.3,25.71666666666667,59.75,6807.974999999999,7991.971666666667,7399.9725
Karnataka,Mysuru,Cotton,2024,21920,25997.91,1.186,625.0,26.974999999999998,59.59166666666667,6922.159166666667,8126.011666666666,7524.085
Karnataka,Mysuru,Cotton,2025,27874,50854.14,1.824,771.0,26.0,60.05833333333333,6908.318333333334,8109.764166666667,7509.043333333334
Karnataka,Mysuru,Groundnut,2020,9971,24444.07,2.452,668.7,25.75,67.63333333333334,5184.614166666666,6086.286666666667,5635.450833333333
Karnataka,Mysuru,Groundnut,2021,17312,34777.42,2.009,697.2,26.183333333333334,63.59166666666667,5147.121666666667,6042.2716666666665,5594.695
Karnataka,Mysuru,Groundnut,2022,27359,64864.95,2.371,663.6,26.366666666666664,57.650000000000006,5453.76,6402.241666666666,5928.0025
Karnataka,Mysuru,Groundnut,2023,9757,20900.25,2.142,636.3,25.71666666666667,59.75,5530.373333333333,6492.177500000001,6011.274166666667
Karnataka,Mysuru,Groundnut,2024,22350,55923.66,2.502,625.0,26.974999999999998,59.59166666666667,5802.800833333334,6811.981666666667,6307.391666666666
Karnataka,Mysuru,Groundnut,2025,9243,20768.93,2.247,771.0,26.0,60.05833333333333,5746.036666666667,6745.3475,6245.690833333334
Karnataka,Mysuru,Chilli,2020,14916,22245.67,1.491,668.7,25.75,67.63333333333334,9732.015000000001,11424.541666666666,10578.279166666667
Karnataka,Mysuru,Chilli,2021,6759,12138.62,1.796,697.2,26.183333333333334,63.59166666666667,9904.208333333334,11626.6775,10765.4425
Karnataka,Mysuru,Chilli,2022,29442,58967.01,2.003,663.6,26.366666666666664,57.650000000000006,10168.471666666666,11936.903333333334,11052.689166666665
Karnataka,Mysuru,Chilli,2023,7717,14531.22,1.883,636.3,25.71666666666667,59.75,10320.9275,12115.873333333335,11218.4
Karnataka,Mysuru,Chilli,2024,23449,39756.46,1.695,625.0,26.974999999999998,59.59166666666667,10475.636666666667,12297.485,11386.560833333335
Karnataka,Mysuru,Chilli,2025,11645,13960.81,1.199,771.0,26.0,60.05833333333333,10955.214166666667,12860.469166666668,11907.843333333332
Karnataka,Belagavi,Rice,2020,10797,45451.69,4.21,495.9,26.133333333333336,55.44166666666666,2021.76,2373.3733333333334,2197.5666666666666
Karnataka,Belagavi,Rice,2021,24719,94142.17,3.808,680.0,25.816666666666666,56.69166666666666,2138.8433333333332,2510.8166666666666,2324.83
Karnataka,Belagavi,Rice,2022,15093,66852.28,4.429,630.7,25.45,60.300000000000004,2120.883333333333,2489.733333333333,2305.3075
Karnataka,Belagavi,Rice,2023,21438,87355.08,4.075,610.6,25.65833333333333,59.666666666666664,2187.195,2567.5783333333334,2377.3866666666668
Karnataka,Belagavi,Rice,2024,20708,79260.44,3.828,594.0,26.283333333333335,60.425000000000004,2222.585,2609.1216666666664,2415.8525
Karnataka,Belagavi,Rice,2025,27338,109865.17,4.019,638.5,26.575,61.675000000000004,2285.599166666667,2683.0941666666668,2484.3475
Karnataka,Belagavi,Maize,2020,21380,81530.4,3.813,495.9,26.133333333333336,55.44166666666666,1772.7783333333334,2081.0883333333336,1926.9341666666667
Karnataka,Belagavi,Maize,2021,8300,29936.04,3.607,680.0,25.816666666666666,56.69166666666666,1758.1358333333335,2063.8991666666666,1911.0158333333331
Karnataka,Belagavi,Maize,2022,8054,32832.33,4.077,630.7,25.45,60.300000000000004,1796.79,2109.275,1953.0325
Karnataka,Belagavi,Maize,2023,26591,106645.87,4.011,610.6,25.65833333333333,59.666666666666664,1913.42,2246.1891666666666,2079.8058333333333
Karnataka,Belagavi,Maize,2024,23922,83655.33,3.497,594.0,26.283333333333335,60.425000000000004,1911.1866666666665,2243.565,2077.3775
Karnataka,Belagavi,Maize,2025,5822,23331.1,4.007,638.5,26.575,61.675000000000004,1966.765,2308.8108333333334,2137.7875
Karnataka,Belagavi,Cotton,2020,13705,31779.31,2.319,495.9,26.133333333333336,55.44166666666666,6281.995833333333,7374.515833333334,6828.255
Karnataka,Belagavi,Cotton,2021,24978,41195.63,1.649,680.0,25.816666666666666,56.69166666666666,6301.283333333333,7397.159166666667,6849.221666666667
Karnataka,Belagavi,Cotton,2022,9566,20073.48,2.098,630.7,25.45,60.300000000000004,6645.359166666666,7801.074166666666,7223.216666666667
Karnataka,Belagavi,Cotton,2023,18192,31259.02,1.718,610.6,25.65833333333333,59.666666666666664,6830.558333333333,8018.482499999999,7424.520833333333
Karnataka,Belagavi,Cotton,2024,27003,50746.82,1.879,594.0,26.283333333333335,60.425000000000004,6940.778333333333,8147.868333333333,7544.321666666667
Karnataka,Belagavi,Cotton,2025,7106,15303.25,2.154,638.5,26.575,61.675000000000004,7036.456666666666,8260.19,7648.324166666666
Karnataka,Belagavi,Groundnut,2020,24152,48859.16,2.023,495.9,26.133333333333336,55.44166666666666,5057.3175,5936.8516666666665,5497.0858333333335
Karnataka,Belagavi,Groundnut,2021,17808,51105.36,2.87,680.0,25.816666666666666,56.69166666666666,5301.984166666666,6224.0675,5763.025000000001
Karnataka,Belagavi,Groundnut,2022,28752,68370.11,2.378,630.7,25.45,60.300000000000004,5445.4325,6392.466666666667,5918.949166666666
Karnataka,Belagavi,Groundnut,2023,23435,66608.83,2.842,610.6,25.65833333333333,59.666666666666664,5555.075,6521.175,6038.126666666667
Karnataka,Belagavi,Groundnut,2024,28365,65518.13,2.31,594.0,26.283333333333335,60.425000000000004,5679.781666666667,6667.568333333333,6173.675833333334
Karnataka,Belagavi,Groundnut,2025,12184,21270.69,1.746,638.5,26.575,61.675000000000004,5821.725833333334,6834.2,6327.963333333333
Karnataka,Belagavi,Chilli,2020,17875,37207.11,2.082,495.9,26.133333333333336,55.44166666666666,9988.06,11725.114166666666,10856.5875
Karnataka,Belagavi,Chilli,2021,19060,34061.13,1.787,680.0,25.816666666666666,56.69166666666666,9989.235833333334,11726.4925,10857.863333333333
Karnataka,Belagavi,Chilli,2022,16664,20369.8,1.222,630.7,25.45,60.300000000000004,10172.449999999999,11941.569166666666,11057.010833333334
Karnataka,Belagavi,Chilli,2023,24065,31114.46,1.293,610.6,25.65833333333333,59.666666666666664,10422.456666666667,12235.058333333334,11328.7575
Karnataka,Belagavi,Chilli,2024,10941,19703.84,1.801,594.0,26.283333333333335,60.425000000000004,10655.85,12509.041666666666,11582.444166666666
Karnataka,Belagavi,Chilli,2025,16555,34275.43,2.07,638.5,26.575,61.675000000000004,10982.67,12892.699999999999,11937.685833333335
Karnataka,Dharwad,Rice,2020,11819,51138.31,4.327,604.0,25.349999999999998,58.375,1984.005,2329.0499999999997,2156.5275
Karnataka,Dharwad,Rice,2021,22717,100301.14,4.415,621.1999999999999,24.983333333333334,62.60833333333333,2030.8133333333335,2383.9958333333334,2207.403333333333
Karnataka,Dharwad,Rice,2022,9853,38557.23,3.913,696.9,26.233333333333334,59.00833333333333,2130.165833333333,2500.6291666666666,2315.3975
Karnataka,Dharwad,Rice,2023,12715,51671.63,4.064,539.0,26.791666666666668,58.59166666666667,2170.7825,2548.3091666666664,2359.5466666666666
Karnataka,Dharwad,Rice,2024,20850,83196.4,3.99,499.0,25.675,56.90833333333333,2193.165,2574.585,2383.8775
Karnataka,Dharwad,Rice,2025,12617,58515.14,4.638,631.6,26.349999999999998,57.875,2271.0325,2665.9933333333333,2468.5141666666664
Karnataka,Dharwad,Maize,2020,14130,59960.25,4.243,604.0,25.349999999999998,58.375,1762.0191666666667,2068.455,1915.2375
Karnataka,Dharwad,Maize,2021,29354,117507.35,4.003,621.1999999999999,24.983333333333334,62.60833333333333,1786.6008333333332,2097.3141666666666,1941.9566666666667
Karnataka,Dharwad,Maize,2022,13363,48002.37,3.592,696.9,26.233333333333334,59.00833333333333,1826.5391666666667,2144.1991666666668,1985.368333333333
Karnataka,Dharwad,Maize,2023,21314,84078.34,3.945,539.0,26.791666666666668,58.59166666666667,1911.7741666666668,2244.255,2078.0141666666664
Karnataka,Dharwad,Maize,2024,29366,123876.48,4.218,499.0,25.675,56.90833333333333,1870.6883333333333,2196.025833333333,2033.3575
Karnataka,Dharwad,Maize,2025,16344,69390.58,4.246,631.6,26.349999999999998,57.875,1931.9241666666667,2267.9108333333334,2099.9175
Karnataka,Dharwad,Cotton,2020,10319,17283.67,1.675,604.0,25.349999999999998,58.375,6150.55,7220.211666666666,6685.379166666667
Karnataka,Dharwad,Cotton,2021,16918,35372.99,2.091,621.1999999999999,24.983333333333334,62.60833333333333,6342.8175,7445.9158333333335,6894.366666666668
Karnataka,Dharwad,Cotton,2022,18849,42373.49,2.248,696.9,26.233333333333334,59.00833333333333,6477.081666666666,7603.530833333333,7040.305833333333
Karnataka,Dharwad,Cotton,2023,17045,34145.16,2.003,539.0,26.791666666666668,58.59166666666667,6827.204999999999,8014.543333333334,7420.875
Karnataka,Dharwad,Cotton,2024,16122,36513.71,2.265,499.0,25.675,56.90833333333333,6850.474166666667,8041.860833333333,7446.1658333333335
Karnataka,Dharwad,Cotton,2025,26469,50945.7,1.925,631.6,26.349999999999998,57.875,6809.3875,7993.629166666667,7401.510833333334
Karnataka,Dharwad,Groundnut,2020,22850,53207.05,2.329,604.0,25.349999999999998,58.375,5146.14,6041.1225,5593.631666666667
Karnataka,Dharwad,Groundnut,2021,29364,67872.29,2.311,621.1999999999999,24.983333333333334,62.60833333333333,5245.130833333334,6157.328333333334,5701.23
Karnataka,Dharwad,Groundnut,2022,7983,14271.71,1.788,696.9,26.233333333333334,59.00833333333333,5326.904166666666,6253.321666666667,5790.114166666666
Karnataka,Dharwad,Groundnut,2023,13230,26133.73,1.975,539.0,26.791666666666668,58.59166666666667,5554.174166666667,6520.119166666667,6037.1475
Karnataka,Dharwad,Groundnut,2024,26852,74681.8,2.781,499.0,25.675,56.90833333333333,5776.689166666667,6781.329999999999,6279.009999999999
Karnataka,Dharwad,Groundnut,2025,20520,54578.99,2.66,631.6,26.349999999999998,57.875,5841.669166666667,6857.610833333333,6349.64
Karnataka,Dharwad,Chilli,2020,20229,21319.78,1.054,604.0,25.349999999999998,58.375,9931.352499999999,11658.545,10794.949166666667
Karnataka,Dharwad,Chilli,2021,5545,10599.99,1.912,621.1999999999999,24.983333333333334,62.60833333333333,9907.089166666667,11630.061666666666,10768.575833333334
Karnataka,Dharwad,Chilli,2022,8810,14605.18,1.658,696.9,26.233333333333334,59.00833333333333,10297.348333333333,12088.190833333334,11192.769166666667
Karnataka,Dharwad,Chilli,2023,5271,11074.24,2.101,539.0,26.791666666666668,58.59166666666667,10459.056666666665,12278.025,11368.540833333333
Karnataka,Dharwad,Chilli,2024,8430,17579.93,2.085,499.0,25.675,56.90833333333333,10516.6425,12345.6275,11431.135
Karnataka,Dharwad,Chilli,2025,25144,39142.99,1.557,631.6,26.349999999999998,57.875,10884.103333333334,12776.991666666667,11830.548333333332
Maharashtra,Nashik,Rice,2020,7033,27199.92,3.867,745.4,26.0,62.61666666666667,2042.5974999999999,2397.8341666666665,2220.215833333333
Maharashtra,Nashik,Rice,2021,12832,53919.78,4.202,597.9,26.566666666666666,59.18333333333334,2103.3733333333334,2469.1766666666667,2286.2766666666666
Maharashtra,Nashik,Rice,2022,19286,69958.73,3.627,532.3000000000001,24.28333333333333,61.64166666666667,2120.920833333333,2489.7766666666666,2305.3475
Maharashtra,Nashik,Rice,2023,28895,124527.83,4.31,718.6,26.275000000000002,62.30833333333334,2198.7058333333334,2581.0891666666666,2389.896666666667
Maharashtra,Nashik,Rice,2024,9805,42831.37,4.368,621.5,27.083333333333332,61.39166666666667,2192.4616666666666,2573.7625000000003,2383.1116666666667
Maharashtra,Nashik,Rice,2025,19561,93279.98,4.769,790.9,26.016666666666666,59.458333333333336,2328.9183333333335,2733.9483333333333,2531.4333333333334
Maharashtra,Nashik,Maize,2020,8564,31821.82,3.716,745.4,26.0,62.61666666666667,1752.3566666666666,2057.1150000000002,1904.7358333333334
Maharashtra,Nashik,Maize,2021,15745,63106.27,4.008,597.9,26.566666666666666,59.18333333333334,1783.4216666666669,2093.5808333333334,1938.5016666666668
Maharashtra,Nashik,Maize,2022,23180,87341.91,3.768,532.3000000000001,24.28333333333333,61.64166666666667,1829.3433333333332,2147.4908333333333,1988.4158333333335
Maharashtra,Nashik,Maize,2023,18832,65051.97,3.454,718.6,26.275000000000002,62.30833333333334,1861.5583333333334,2185.3058333333333,2023.4325
Maharashtra,Nashik,Maize,2024,28696,107723.88,3.754,621.5,27.083333333333332,61.39166666666667,1908.3666666666668,2240.255,2074.3108333333334
Maharashtra,Nashik,Maize,2025,26260,90583.17,3.449,790.9,26.016666666666666,59.458333333333336,1920.6008333333332,2254.6183333333333,2087.608333333333
Maharashtra,Nashik,Cotton,2020,9675,19577.93,2.024,745.4,26.0,62.61666666666667,6385.113333333334,7495.5675,6940.340833333333
Maharashtra,Nashik,Cotton,2021,23024,39413.63,1.712,597.9,26.566666666666666,59.18333333333334,6339.392500000001,7441.8983333333335,6890.645833333333
Maharashtra,Nashik,Cotton,2022,22602,55306.92,2.447,532.3000000000001,24.28333333333333,61.64166666666667,6467.9158333333335,7592.77,7030.3425
Maharashtra,Nashik,Cotton,2023,22338,39124.11,1.751,718.6,26.275000000000002,62.30833333333334,6614.857499999999,7765.268333333333,7190.064166666667
Maharashtra,Nashik,Cotton,2024,9133,18139.08,1.986,621.5,27.083333333333332,61.39166666666667,6887.530833333333,8085.363333333334,7486.445833333334
Maharashtra,Nashik,Cotton,2025,18913,41360.25,2.187,790.9,26.016666666666666,59.458333333333336,6951.0575,8159.935833333333,7555.498333333333
Maharashtra,Nashik,Groundnut,2020,14903,35521.02,2.383,745.4,26.0,62.61666666666667,5264.456666666666,6180.015833333334,5722.235833333333
Maharashtra,Nashik,Groundnut,2021,17880,45344.09,2.536,597.9,26.566666666666666,59.18333333333334,5251.4425,6164.736666666667,5708.089166666668
Maharashtra,Nashik,Groundnut,2022,6591,19644.31,2.98,532.3000000000001,24.28333333333333,61.64166666666667,5440.220833333334,6386.3475,5913.283333333333
Maharashtra,Nashik,Groundnut,2023,6312,15843.07,2.51,718.6,26.275000000000002,62.30833333333334,5648.118333333333,6630.399166666666,6139.259166666667
Maharashtra,Nashik,Groundnut,2024,24623,53977.66,2.192,621.5,27.083333333333332,61.39166666666667,5673.474166666667,6660.166666666667,6166.82
Maharashtra,Nashik,Groundnut,2025,23088,47347.16,2.051,790.9,26.016666666666666,59.458333333333336,5880.2225,6902.870833333333,6391.545833333334
Maharashtra,Nashik,Chilli,2020,18481,31179.55,1.687,745.4,26.0,62.61666666666667,9504.725,11157.720000000001,10331.223333333333
Maharashtra,Nashik,Chilli,2021,26179,47469.91,1.813,597.9,26.566666666666666,59.18333333333334,10082.458333333334,11835.929166666667,10959.194166666666
Maharashtra,Nashik,Chilli,2022,27890,50035.5,1.794,532.3000000000001,24.28333333333333,61.64166666666667,10043.690833333334,11790.42,10917.055833333334
Maharashtra,Nashik,Chilli,2023,23787,50076.4,2.105,718.6,26.275000000000002,62.30833333333334,10413.868333333334,12224.975833333332,11319.420833333332
Maharashtra,Nashik,Chilli,2024,5294,7508.05,1.418,621.5,27.083333333333332,61.39166666666667,10636.448333333334,12486.265,11561.355000000001
Maharashtra,Nashik,Chilli,2025,12009,29196.06,2.431,790.9,26.016666666666666,59.458333333333336,11180.878333333334,13125.376666666665,12153.1275
Maharashtra,Pune,Rice,2020,6007,24850.82,4.137,529.2,27.325,60.025000000000006,2020.5958333333335,2372.0016666666666,2196.2991666666667
Maharashtra,Pune,Rice,2021,26736,113799.48,4.256,587.2,26.333333333333332,61.53333333333333,2043.5083333333332,2398.8975,2221.2033333333334
Maharashtra,Pune,Rice,2022,5571,22852.42,4.102,619.4,25.575,63.11666666666667,2117.181666666667,2485.3866666666668,2301.2833333333333
Maharashtra,Pune,Rice,2023,21661,93720.75,4.327,621.3,26.883333333333336,66.75,2183.2008333333333,2562.8866666666668,2373.0416666666665
Maharashtra,Pune,Rice,2024,22649,103041.42,4.549,897.8,24.708333333333332,62.19166666666666,2204.585,2587.9925,2396.2875
Maharashtra,Pune,Rice,2025,14077,56118.1,3.987,717.3,24.891666666666666,65.22500000000001,2220.655,2606.8541666666665,2413.7533333333336
Maharashtra,Pune,Maize,2020,21378,89693.2,4.196,529.2,27.325,60.025000000000006,1696.9766666666667,1992.1008333333332,1844.54
Maharashtra,Pune,Maize,2021,26730,104434.48,3.907,587.2,26.333333333333332,61.53333333333333,1774.0183333333334,2082.5441666666666,1928.2808333333332
Maharashtra,Pune,Maize,2022,29604,118496.99,4.003,619.4,25.575,63.11666666666667,1829.3858333333335,2147.539166666667,1988.4624999999999
Maharashtra,Pune,Maize,2023,16801,58432.99,3.478,621.3,26.883333333333336,66.75,1867.2425,2191.9808333333335,2029.6116666666667
Maharashtra,Pune,Maize,2024,19288,77320.43,4.009,897.8,24.708333333333332,62.19166666666666,1914.7675,2247.7675,2081.2675
Maharashtra,Pune,Maize,2025,22482,96328.52,4.285,717.3,24.891666666666666,65.22500000000001,1945.1608333333334,2283.4475,2114.3058333333333
Maharashtra,Pune,Cotton,2020,27042,45965.57,1.7,529.2,27.325,60.025000000000006,6467.824166666666,7592.663333333333,7030.2425
Maharashtra,Pune,Cotton,2021,17857,38468.28,2.154,587.2,26.333333333333332,61.53333333333333,6372.5408333333335,7480.809166666666,6926.674166666667
Maharashtra,Pune,Cotton,2022,6980,14501.22,2.078,619.4,25.575,63.11666666666667,6624.82,7776.961666666667,7200.890833333334
Maharashtra,Pune,Cotton,2023,22175,47616.96,2.147,621.3,26.883333333333336,66.75,6856.504166666667,8048.94,7452.723333333332
Maharashtra,Pune,Cotton,2024,23639,46529.98,1.968,897.8,24.708333333333332,62.19166666666666,6826.436666666667,8013.643333333333,7420.0408333333335
Maharashtra,Pune,Cotton,2025,22368,50600.22,2.262,717.3,24.891666666666666,65.22500000000001,7141.459166666667,8383.451666666666,7762.455000000001
Maharashtra,Pune,Groundnut,2020,13782,27665.83,2.007,529.2,27.325,60.025000000000006,5053.875,5932.809166666666,5493.344166666667
Maharashtra,Pune,Groundnut,2021,11342,26637.82,2.349,587.2,26.333333333333332,61.53333333333333,5394.800833333334,6333.025833333333,5863.911666666667
Maharashtra,Pune,Groundnut,2022,13884,28351.87,2.042,619.4,25.575,63.11666666666667,5302.985833333333,6225.245833333333,5764.116666666666
Maharashtra,Pune,Groundnut,2023,20069,55300.94,2.756,621.3,26.883333333333336,66.75,5503.995833333333,6461.211666666666,5982.6025
Maharashtra,Pune,Groundnut,2024,10797,23791.81,2.204,897.8,24.708333333333332,62.19166666666666,5575.370833333333,6545.000833333333,6060.186666666667
Maharashtra,Pune,Groundnut,2025,10109,21180.93,2.095,717.3,24.891666666666666,65.22500000000001,5875.729166666667,6897.596666666667,6386.663333333334
Maharashtra,Pune,Chilli,2020,21967,27791.53,1.265,529.2,27.325,60.025000000000006,9538.940833333332,11197.888333333334,10368.413333333334
Maharashtra,Pune,Chilli,2021,9167,18137.19,1.979,587.2,26.333333333333332,61.53333333333333,9866.828333333333,11582.800833333333,10724.815
Maharashtra,Pune,Chilli,2022,22773,49090.45,2.156,619.4,25.575,63.11666666666667,9843.7675,11555.7275,10699.749166666666
Maharashtra,Pune,Chilli,2023,23427,38717.7,1.653,621.3,26.883333333333336,66.75,10381.566666666668,12187.0575,11284.3125
Maharashtra,Pune,Chilli,2024,15640,24943.27,1.595,897.8,24.708333333333332,62.19166666666666,10863.109166666667,12752.348333333333,11807.7275
Maharashtra,Pune,Chilli,2025,20822,44364.04,2.131,717.3,24.891666666666666,65.22500000000001,10763.720833333333,12635.673333333334,11699.696666666665
Maharashtra,Nagpur,Rice,2020,21019,88290.33,4.201,871.9,26.45,60.51666666666667,2091.0425,2454.7008333333333,2272.87
Maharashtra,Nagpur,Rice,2021,29416,120215.26,4.087,735.4,26.78333333333333,64.96666666666667,2119.8441666666668,2488.5116666666668,2304.1775000000002
Maharashtra,Nagpur,Rice,2022,17236,64276.8,3.729,561.9,25.083333333333332,59.625,2166.8258333333333,2543.6666666666665,2355.2475
Maharashtra,Nagpur,Rice,2023,20525,94658.98,4.612,540.6,26.316666666666666,58.90833333333333,2171.8875000000003,2549.6066666666666,2360.75
Maharashtra,Nagpur,Rice,2024,21369,91511.89,4.282,664.9,25.650000000000002,63.71666666666667,2252.1325,2643.8083333333334,2447.9725
Maharashtra,Nagpur,Rice,2025,29892,135804.1,4.543,586.7,25.400000000000002,59.225,2319.8316666666665,2723.284166666667,2521.5575000000003
Maharashtra,Nagpur,Maize,2020,26767,105756.55,3.951,871.9,26.45,60.51666666666667,1729.7033333333331,2030.5216666666668,1880.1141666666665
Maharashtra,Nagpur,Maize,2021,18629,81155.2,4.356,735.4,26.78333333333333,64.96666666666667,1739.4658333333334,2041.9833333333333,1890.7258333333332
Maharashtra,Nagpur,Maize,2022,5458,22124.39,4.054,561.9,25.083333333333332,59.625,1815.8633333333335,2131.6675,1973.765
Maharashtra,Nagpur,Maize,2023,21405,83869.92,3.918,540.6,26.316666666666666,58.90833333333333,1862.9591666666665,2186.9516666666664,2024.955
Maharashtra,Nagpur,Maize,2024,26288,91095.87,3.465,664.9,25.650000000000002,63.71666666666667,1936.2516666666668,2272.9908333333333,2104.620833333333
Maharashtra,Nagpur,Maize,2025,20313,71567.87,3.523,586.7,25.400000000000002,59.225,1975.3291666666667,2318.8658333333333,2147.0975
Maharashtra,Nagpur,Cotton,2020,16894,33800.13,2.001,871.9,26.45,60.51666666666667,6359.505833333333,7465.508333333334,6912.505833333334
Maharashtra,Nagpur,Cotton,2021,29363,71966.86,2.451,735.4,26.78333333333333,64.96666666666667,6301.174166666667,7397.03,6849.1033333333335
Maharashtra,Nagpur,Cotton,2022,5661,9462.28,1.671,561.9,25.083333333333332,59.625,6641.419999999999,7796.450833333333,7218.935833333333
Maharashtra,Nagpur,Cotton,2023,21002,39599.5,1.886,540.6,26.316666666666666,58.90833333333333,6714.150833333333,7881.829166666666,7297.990000000001
Maharashtra,Nagpur,Cotton,2024,17732,29201.43,1.647,664.9,25.650000000000002,63.71666666666667,6728.971666666667,7899.2266666666665,7314.099166666667
Maharashtra,Nagpur,Cotton,2025,12005,26565.28,2.213,586.7,25.400000000000002,59.225,7116.106666666667,8353.6925,7734.900000000001
Maharashtra,Nagpur,Groundnut,2020,7071,13531.02,1.914,871.9,26.45,60.51666666666667,5089.520833333333,5974.6525,5532.086666666667
Maharashtra,Nagpur,Groundnut,2021,8453,22765.6,2.693,735.4,26.78333333333333,64.96666666666667,5356.511666666666,6288.077499999999,5822.294999999999
Maharashtra,Nagpur,Groundnut,2022,11563,26538.35,2.295,561.9,25.083333333333332,59.625,5355.946666666667,6287.4158333333335,5821.681666666666
Maharashtra,Nagpur,Groundnut,2023,17003,34485.39,2.028,540.6,26.316666666666666,58.90833333333333,5674.1275,6660.93,6167.5275
Maharashtra,Nagpur,Groundnut,2024,22778,44072.94,1.935,664.9,25.650000000000002,63.71666666666667,5792.2275,6799.57,6295.900000000001
Maharashtra,Nagpur,Groundnut,2025,25098,74082.73,2.952,586.7,25.400000000000002,59.225,5783.963333333333,6789.871666666667,6286.9158333333335
Maharashtra,Nagpur,Chilli,2020,24342,42004.08,1.726,871.9,26.45,60.51666666666667,9717.359999999999,11407.335,10562.348333333333
Maharashtra,Nagpur,Chilli,2021,28279,66492.52,2.351,735.4,26.78333333333333,64.96666666666667,9663.141666666668,11343.69,10503.415833333334
Maharashtra,Nagpur,Chilli,2022,5525,11545.07,2.09,561.9,25.083333333333332,59.625,10141.341666666667,11905.0525,11023.195833333333
Maharashtra,Nagpur,Chilli,2023,7365,11490.34,1.56,540.6,26.316666666666666,58.90833333333333,10485.440833333332,12308.995,11397.218333333332
Maharashtra,Nagpur,Chilli,2024,5013,7750.0,1.546,664.9,25.650000000000002,63.71666666666667,10654.750833333334,12507.753333333334,11581.2525
Maharashtra,Nagpur,Chilli,2025,13321,22101.49,1.659,586.7,25.400000000000002,59.225,10941.424166666666,12844.280833333332,11892.853333333333
