Year,Area_Hectares,Annual_Rainfall_mm,Avg_Temperature_C,Avg_Humidity_Percent,Avg_Modal_Price,Yield_Tonnes_Per_Hectare,Rainfall_per_Hectare,Price_Yield_Ratio,Years_From_2020,State_Karnataka,State_Maharashtra,State_Telangana,District_Dharwad,District_Guntur,District_Karimnagar,District_Khammam,District_Krishna,District_Kurnool,District_Mysuru,District_Nagpur,District_Nalgonda,District_Nashik,District_Prakasam,District_Pune,District_Warangal,Crop_Cotton,Crop_Groundnut,Crop_Maize,Crop_Rice
2020,28654,698.6,25.291666666666668,60.89166666666667,2170.5641666666666,4.252,0.024380540238710127,510.4807541549075,0,False,False,False,False,True,False,False,False,False,False,False,False,False,False,False,False,False,False,False,True
2021,26575,589.5,25.5,58.23333333333333,2277.8866666666668,4.124,0.02218250235183443,552.3488522470094,1,False,False,False,False,True,False,False,False,False,False,False,False,False,False,False,False,False,False,False,True
2022,21850,734.0,26.866666666666664,66.38333333333334,2289.6741666666667,3.955,0.03359267734553776,578.9315212810787,2,False,False,False,False,True,False,False,False,False,False,False,False,False,False,False,False,False,False,False,True
2023,16363,707.3,26.008333333333336,62.725,2358.4475,4.023,0.04322556988327324,586.2409893114592,3,False,False,False,False,True,False,False,False,False,False,False,False,False,False,False,False,False,False,False,True
2024,5769,592.5,26.516666666666666,56.29166666666666,2419.7475,4.262,0.10270410816432657,567.749296105115,4,False,False,False,False,True,False,False,False,False,False,False,False,False,False,False,False,False,False,False,True
2025,7433,387.9,26.416666666666668,53.95,2458.78,4.019,0.05218619669043455,611.7890022393631,5,False,False,False,False,True,False,False,False,False,False,False,False,False,False,False,False,False,False,False,True
2020,25939,698.6,25.291666666666668,60.89166666666667,1926.7833333333333,3.696,0.026932418366166777,521.3158369408369,0,False,False,False,False,True,False,False,False,False,False,False,False,False,False,False,False,False,False,True,False
2021,23942,589.5,25.5,58.23333333333333,1947.765,3.554,0.024622003174337985,548.0486775464266,1,False,False,False,False,True,False,False,False,False,False,False,False,False,False,False,False,False,False,True,False
2022,5189,734.0,26.866666666666664,66.38333333333334,1996.6758333333332,3.639,0.14145307380998265,548.688055326555,2,False,False,False,False,True,False,False,False,False,False,False,False,False,False,False,False,False,False,True,False
2023,6899,707.3,26.008333333333336,62.725,2000.174166666667,4.257,0.10252210465284824,469.85533630882475,3,False,False,False,False,True,False,False,False,False,False,False,False,False,False,False,False,False,False,True,False
2024,16394,592.5,26.516666666666666,56.29166666666666,2040.8575,4.066,0.03614127119677931,501.93248893261193,4,False,False,False,False,True,False,False,False,False,False,False,False,False,False,False,False,False,False,True,False
2025,19502,387.9,26.416666666666668,53.95,2104.528333333333,3.796,0.019890267664854886,554.4068317527222,5,False,False,False,False,True,False,False,False,False,False,False,False,False,False,False,False,False,False,True,False
2020,28897,698.6,25.291666666666668,60.89166666666667,6653.302500000001,1.982,0.02417551995016784,3356.86301715439,0,False,False,False,False,True,False,False,False,False,False,False,False,False,False,False,False,True,False,False,False
2021,26870,589.5,25.5,58.23333333333333,7067.6925,2.628,0.021938965388909566,2689.380707762557,1,False,False,False,False,True,False,False,False,False,False,False,False,False,False,False,False,True,False,False,False
2022,22159,734.0,26.866666666666664,66.38333333333334,7027.560833333333,1.91,0.03312423845841419,3679.351221640489,2,False,False,False,False,True,False,False,False,False,False,False,False,False,False,False,False,True,False,False,False
2023,24457,707.3,26.008333333333336,62.725,7475.876666666667,1.819,0.028920145561597905,4109.882719442918,3,False,False,False,False,True,False,False,False,False,False,False,False,False,False,False,False,True,False,False,False
2024,25227,592.5,26.516666666666666,56.29166666666666,7556.978333333333,2.351,0.023486740397193482,3214.3676449737695,4,False,False,False,False,True,False,False,False,False,False,False,False,False,False,False,False,True,False,False,False
2025,16534,387.9,26.416666666666668,53.95,7804.305833333333,2.009,0.023460747550501995,3884.671893147503,5,False,False,False,False,True,False,False,False,False,False,False,False,False,False,False,False,True,False,False,False
2020,28247,698.6,25.291666666666668,60.89166666666667,5654.8358333333335,2.847,0.024731829928842,1986.2437068258987,0,False,False,False,False,True,False,False,False,False,False,False,False,False,False,False,False,False,True,False,False
2021,26271,589.5,25.5,58.23333333333333,5839.741666666666,1.991,0.022439191503939707,2933.069646743679,1,False,False,False,False,True,False,False,False,False,False,False,False,False,False,False,False,False,True,False,False
2022,13571,734.0,26.866666666666664,66.38333333333334,5915.537499999999,2.005,0.05408591850268956,2950.3927680798006,2,False,False,False,False,True,False,False,False,False,False,False,False,False,False,False,False,False,True,False,False
2023,21448,707.3,26.008333333333336,62.725,6037.6675,2.325,0.03297743379336068,2596.8462365591395,3,False,False,False,False,True,False,False,False,False,False,False,False,False,False,False,False,False,True,False,False
2024,7027,592.5,26.516666666666666,56.29166666666666,6153.666666666667,2.262,0.08431763199089228,2720.4538756262896,4,False,False,False,False,True,False,False,False,False,False,False,False,False,False,False,False,False,True,False,False
2025,17666,387.9,26.416666666666668,53.95,6387.5575,2.215,0.02195743235593796,2883.773137697517,5,False,False,False,False,True,False,False,False,False,False,False,False,False,False,False,False,False,True,False,False
2020,11184,698.6,25.291666666666668,60.89166666666667,10368.55,1.647,0.06246423462088698,6295.415907710989,0,False,False,False,False,True,False,False,False,False,False,False,False,False,False,False,False,False,False,False,False
2021,7454,589.5,25.5,58.23333333333333,10598.449166666667,2.278,0.07908505500402468,4652.523778167983,1,False,False,False,False,True,False,False,False,False,False,False,False,False,False,False,False,False,False,False,False
2022,24115,734.0,26.866666666666664,66.38333333333334,11127.520833333334,1.991,0.030437487041260626,5588.910513979575,2,False,False,False,False,True,False,False,False,False,False,False,False,False,False,False,False,False,False,False,False
2023,10056,707.3,26.008333333333336,62.725,11306.7625,1.825,0.07033611774065235,6195.486301369863,3,False,False,False,False,True,False,False,False,False,False,False,False,False,False,False,False,False,False,False,False
2024,25224,592.5,26.516666666666666,56.29166666666666,11497.793333333331,1.865,0.0234895337773549,6165.036639857014,4,False,False,False,False,True,False,False,False,False,False,False,False,False,False,False,False,False,False,False,False
2025,17685,387.9,26.416666666666668,53.95,11328.0075,2.042,0.02193384223918575,5547.50612144956,5,False,False,False,False,True,False,False,False,False,False,False,False,False,False,False,False,False,False,False,False
2020,26518,683.9,25.991666666666664,60.98333333333333,2198.2658333333334,3.938,0.025790029413982955,558.2188505163365,0,False,False,False,False,False,False,False,True,False,False,False,False,False,False,False,False,False,False,False,True
2021,29242,440.3,25.816666666666663,59.44166666666666,2265.330833333333,4.137,0.015057109636823747,547.5781564740955,1,False,False,False,False,False,False,False,True,False,False,False,False,False,False,False,False,False,False,False,True
2022,13755,738.4,26.625,59.38333333333333,2301.5716666666667,4.596,0.05368229734641948,500.77712503626344,2,False,False,False,False,False,False,False,True,False,False,False,False,False,False,False,False,False,False,False,True
2023,19820,526.5,25.991666666666664,55.80833333333334,2357.0816666666665,3.751,0.026564076690211907,628.387541100151,3,False,False,False,False,False,False,False,True,False,False,False,False,False,False,False,False,False,False,False,True
2024,24626,505.2,26.8,58.34166666666667,2447.8608333333336,4.633,0.02051490294810363,528.3532987984747,4,False,False,False,False,False,False,False,True,False,False,False,False,False,False,False,False,False,False,False,True
2025,27299,686.2,26.59166666666667,68.375,2483.7175,4.41,0.025136451884684424,563.2012471655329,5,False,False,False,False,False,False,False,True,False,False,False,False,False,False,False,False,False,False,False,True
2020,18931,683.9,25.991666666666664,60.98333333333333,1863.0208333333333,4.036,0.0361259310126248,461.60080112322436,0,False,False,False,False,False,False,False,True,False,False,False,False,False,False,False,False,False,False,True,False
2021,20707,440.3,25.816666666666663,59.44166666666666,2012.5325,3.837,0.021263340899212828,524.5067761271827,1,False,False,False,False,False,False,False,True,False,False,False,False,False,False,False,False,False,False,True,False
2022,6306,738.4,26.625,59.38333333333333,1978.795,3.905,0.11709483032032984,506.73367477592836,2,False,False,False,False,False,False,False,True,False,False,False,False,False,False,False,False,False,False,True,False
2023,27248,526.5,25.991666666666664,55.80833333333334,2010.0641666666668,3.551,0.019322519083969467,566.055805876279,3,False,False,False,False,False,False,False,True,False,False,False,False,False,False,False,False,False,False,True,False
2024,10530,505.2,26.8,58.34166666666667,2125.9516666666664,3.497,0.047977207977207975,607.9358497759985,4,False,False,False,False,False,False,False,True,False,False,False,False,False,False,False,False,False,False,True,False
2025,18545,686.2,26.59166666666667,68.375,2147.62,3.822,0.037001887301159345,561.9099947671376,5,False,False,False,False,False,False,False,True,False,False,False,False,False,False,False,False,False,False,True,False
2020,22879,683.9,25.991666666666664,60.98333333333333,6642.115000000001,2.319,0.029892040736046156,2864.2151789564473,0,False,False,False,False,False,False,False,True,False,False,False,False,False,False,False,False,True,False,False,False
2021,18808,440.3,25.816666666666663,59.44166666666666,6871.923333333333,1.776,0.02341025095703956,3869.326201201201,1,False,False,False,False,False,False,False,True,False,False,False,False,False,False,False,False,True,False,False,False
2022,16649,738.4,26.625,59.38333333333333,6948.923333333333,2.108,0.044351012072797166,3296.4531941808978,2,False,False,False,False,False,False,False,True,False,False,False,False,False,False,False,False,True,False,False,False
2023,22082,526.5,25.991666666666664,55.80833333333334,7552.014166666667,2.724,0.023842949008242006,2772.398739598629,3,False,False,False,False,False,False,False,True,False,False,False,False,False,False,False,False,True,False,False,False
2024,18877,505.2,26.8,58.34166666666667,7684.029166666667,2.028,0.02676272712825131,3788.969017094017,4,False,False,False,False,False,False,False,True,False,False,False,False,False,False,False,False,True,False,False,False
2025,27912,686.2,26.59166666666667,68.375,7651.336666666666,1.914,0.024584408139868157,3997.5635667014976,5,False,False,False,False,False,False,False,True,False,False,False,False,False,False,False,False,True,False,False,False
2020,23091,683.9,25.991666666666664,60.98333333333333,5696.552500000001,2.19,0.029617599930708935,2601.1655251141556,0,False,False,False,False,False,False,False,True,False,False,False,False,False,False,False,False,False,True,False,False
2021,9931,440.3,25.816666666666663,59.44166666666666,5740.384999999999,2.198,0.044335917833048036,2611.640127388535,1,False,False,False,False,False,False,False,True,False,False,False,False,False,False,False,False,False,True,False,False
2022,17688,738.4,26.625,59.38333333333333,5890.795833333334,2.634,0.04174581637268204,2236.4448873702863,2,False,False,False,False,False,False,False,True,False,False,False,False,False,False,False,False,False,True,False,False
2023,24315,526.5,25.991666666666664,55.80833333333334,6167.135833333334,2.448,0.021653300431832202,2519.2548338779957,3,False,False,False,False,False,False,False,True,False,False,False,False,False,False,False,False,False,True,False,False
2024,16774,505.2,26.8,58.34166666666667,6269.276666666668,2.12,0.030118039823536426,2957.205974842768,4,False,False,False,False,False,False,False,True,False,False,False,False,False,False,False,False,False,True,False,False
2025,20708,686.2,26.59166666666667,68.375,6278.838333333333,2.556,0.033136951902646324,2456.5095200834635,5,False,False,False,False,False,False,False,True,False,False,False,False,False,False,False,False,False,True,False,False
2020,19243,683.9,25.991666666666664,60.98333333333333,10466.426666666666,1.71,0.0355401964350673,6120.717348927875,0,False,False,False,False,False,False,False,True,False,False,False,False,False,False,False,False,False,False,False,False
2021,13338,440.3,25.816666666666663,59.44166666666666,11132.291666666666,1.632,0.033010946168840906,6821.257148692811,1,False,False,False,False,False,False,False,True,False,False,False,False,False,False,False,False,False,False,False,False
2022,13680,738.4,26.625,59.38333333333333,10985.365,2.059,0.053976608187134505,5335.2914035939775,2,False,False,False,False,False,False,False,True,False,False,False,False,False,False,False,False,False,False,False,False
2023,7385,526.5,25.991666666666664,55.80833333333334,11475.014166666668,2.099,0.07129316181448883,5466.895744005082,3,False,False,False,False,False,False,False,True,False,False,False,False,False,False,False,False,False,False,False,False
2024,13120,505.2,26.8,58.34166666666667,11509.445833333331,1.889,0.03850609756097561,6092.877624845596,4,False,False,False,False,False,False,False,True,False,False,False,False,False,False,False,False,False,False,False,False
2025,19075,686.2,26.59166666666667,68.375,11943.165833333333,1.59,0.0359737876802097,7511.4250524109,5,False,False,False,False,False,False,False,True,False,False,False,False,False,False,False,False,False,False,False,False
2020,10423,666.8000000000001,25.4,61.01666666666667,2221.4133333333334,4.334,0.0639739038664492,512.5549915397631,0,False,False,False,False,False,False,False,False,True,False,False,False,False,False,False,False,False,False,False,True
2021,12158,656.2,26.191666666666663,59.325,2328.468333333333,3.697,0.05397269287711795,629.8264358488864,1,False,False,False,False,False,False,False,False,True,False,False,False,False,False,False,False,False,False,False,True
2022,20151,805.3,26.21666666666667,61.275,2353.1625,4.242,0.039963277256711824,554.7294908062235,2,False,False,False,False,False,False,False,False,True,False,False,False,False,False,False,False,False,False,False,True
2023,27581,550.9,26.9,57.15,2271.5791666666664,4.591,0.01997389507269497,494.7896246278951,3,False,False,False,False,False,False,False,False,True,False,False,False,False,False,False,False,False,False,False,True
2024,17874,666.6,25.916666666666668,61.60833333333334,2490.0216666666665,4.767,0.03729439409197718,522.3456401650234,4,False,False,False,False,False,False,False,False,True,False,False,False,False,False,False,False,False,False,False,True
2025,7557,694.3,25.5,61.24166666666667,2410.188333333333,3.789,0.09187508270477703,636.1014339755432,5,False,False,False,False,False,False,False,False,True,False,False,False,False,False,False,False,False,False,False,True
2020,16969,666.8000000000001,25.4,61.01666666666667,1908.6083333333331,4.278,0.03929518533796924,446.1450054542621,0,False,False,False,False,False,False,False,False,True,False,False,False,False,False,False,False,False,False,True,False
2021,18992,656.2,26.191666666666663,59.325,1949.6675,3.607,0.0345513900589722,540.523288051012,1,False,False,False,False,False,False,False,False,True,False,False,False,False,False,False,False,False,False,True,False
2022,27399,805.3,26.21666666666667,61.275,1987.275,4.161,0.029391583634439212,477.59552992069223,2,False,False,False,False,False,False,False,False,True,False,False,False,False,False,False,False,False,False,True,False
2023,9735,550.9,26.9,57.15,2030.986666666667,3.715,0.056589625064201336,546.6989681471513,3,False,False,False,False,False,False,False,False,True,False,False,False,False,False,False,False,False,False,True,False
2024,13050,666.6,25.916666666666668,61.60833333333334,2122.3316666666665,3.795,0.051080459770114946,559.2441809398331,4,False,False,False,False,False,False,False,False,True,False,False,False,False,False,False,False,False,False,True,False
2025,23077,694.3,25.5,61.24166666666667,2131.2658333333334,3.874,0.030086233045889844,550.1460591980726,5,False,False,False,False,False,False,False,False,True,False,False,False,False,False,False,False,False,False,True,False
2020,15677,666.8000000000001,25.4,61.01666666666667,6858.3675,2.298,0.04253364801939147,2984.494125326371,0,False,False,False,False,False,False,False,False,True,False,False,False,False,False,False,False,True,False,False,False
2021,20636,656.2,26.191666666666663,59.325,7067.378333333333,2.506,0.03179879821670867,2820.182894386805,1,False,False,False,False,False,False,False,False,True,False,False,False,False,False,False,False,True,False,False,False
2022,14151,805.3,26.21666666666667,61.275,7170.0,2.174,0.05690763903611052,3298.068077276909,2,False,False,False,False,False,False,False,False,True,False,False,False,False,False,False,False,True,False,False,False
2023,14007,550.9,26.9,57.15,7300.544166666667,2.071,0.039330334832583705,3525.1299694189597,3,False,False,False,False,False,False,False,False,True,False,False,False,False,False,False,False,True,False,False,False
2024,23589,666.6,25.916666666666668,61.60833333333334,7536.115000000001,2.268,0.02825893424901437,3322.8020282186953,4,False,False,False,False,False,False,False,False,True,False,False,False,False,False,False,False,True,False,False,False
2025,17468,694.3,25.5,61.24166666666667,7544.901666666666,2.16,0.03974696588046714,3493.010030864197,5,False,False,False,False,False,False,False,False,True,False,False,False,False,False,False,False,True,False,False,False
2020,5190,666.8000000000001,25.4,61.01666666666667,5683.427500000001,2.118,0.12847784200385357,2683.393531633617,0,False,False,False,False,False,False,False,False,True,False,False,False,False,False,False,False,False,True,False,False
2021,22568,656.2,26.191666666666663,59.325,5820.4325,2.142,0.029076568592697628,2717.2887488328665,1,False,False,False,False,False,False,False,False,True,False,False,False,False,False,False,False,False,True,False,False
2022,6816,805.3,26.21666666666667,61.275,5788.608333333334,2.47,0.11814847417840375,2343.5661268556005,2,False,False,False,False,False,False,False,False,True,False,False,False,False,False,False,False,False,True,False,False
2023,10442,550.9,26.9,57.15,6092.965,2.315,0.052758092319479026,2631.950323974082,3,False,False,False,False,False,False,False,False,True,False,False,False,False,False,False,False,False,True,False,False
2024,12455,666.6,25.916666666666668,61.60833333333334,6152.884999999999,2.587,0.05352067442794059,2378.386161577116,4,False,False,False,False,False,False,False,False,True,False,False,False,False,False,False,False,False,True,False,False
2025,29190,694.3,25.5,61.24166666666667,6229.451666666667,2.561,0.023785542994176085,2432.4293895613696,5,False,False,False,False,False,False,False,False,True,False,False,False,False,False,False,False,False,True,False,False
2020,5784,666.8000000000001,25.4,61.01666666666667,10720.946666666669,2.308,0.11528354080221301,4645.124205661468,0,False,False,False,False,False,False,False,False,True,False,False,False,False,False,False,False,False,False,False,False
2021,10801,656.2,26.191666666666663,59.325,10702.715,2.001,0.06075363392278493,5348.68315842079,1,False,False,False,False,False,False,False,False,True,False,False,False,False,False,False,False,False,False,False,False
2022,15647,805.3,26.21666666666667,61.275,10793.3425,2.021,0.05146673483734901,5340.595002474023,2,False,False,False,False,False,False,False,False,True,False,False,False,False,False,False,False,False,False,False,False
2023,29376,550.9,26.9,57.15,11327.079166666668,1.758,0.01875340413943355,6443.162210845659,3,False,False,False,False,False,False,False,False,True,False,False,False,False,False,False,False,False,False,False,False
2024,17039,666.6,25.916666666666668,61.60833333333334,11483.0325,2.096,0.03912201420271143,5478.546040076335,4,False,False,False,False,False,False,False,False,True,False,False,False,False,False,False,False,False,False,False,False
2025,27386,694.3,25.5,61.24166666666667,11856.828333333331,1.263,0.02535236982399766,9387.829242544205,5,False,False,False,False,False,False,False,False,True,False,False,False,False,False,False,False,False,False,False,False
2020,18121,775.1,26.258333333333336,68.375,2214.4991666666665,4.296,0.0427735776171293,515.4793218497827,0,False,False,False,False,False,False,False,False,False,False,False,False,False,True,False,False,False,False,False,True
2021,25530,525.5,24.15,63.675,2249.2541666666666,4.057,0.020583627105366237,554.4131542190452,1,False,False,False,False,False,False,False,False,False,False,False,False,False,True,False,False,False,False,False,True
2022,22532,746.8,26.33333333333333,62.5,2351.9325,4.256,0.0331439730161548,552.6157189849623,2,False,False,False,False,False,False,False,False,False,False,False,False,False,True,False,False,False,False,False,True
2023,14907,575.3,26.0,62.41666666666666,2317.5175,4.028,0.03859260749983229,575.3519116186693,3,False,False,False,False,False,False,False,False,False,False,False,False,False,True,False,False,False,False,False,True
2024,19599,597.5,25.725,62.91666666666666,2403.9,4.27,0.030486249298433594,562.9742388758783,4,False,False,False,False,False,False,False,False,False,False,False,False,False,True,False,False,False,False,False,True
2025,21388,585.1,26.75,62.35,2452.4308333333333,4.332,0.027356461567233963,566.1197676208064,5,False,False,False,False,False,False,False,False,False,False,False,False,False,True,False,False,False,False,False,True
2020,28411,775.1,26.258333333333336,68.375,1874.5866666666668,3.848,0.027281686670655732,487.15869715869724,0,False,False,False,False,False,False,False,False,False,False,False,False,False,True,False,False,False,False,True,False
2021,12079,525.5,24.15,63.675,1878.4991666666667,3.563,0.04350525705770345,527.2240153428759,1,False,False,False,False,False,False,False,False,False,False,False,False,False,True,False,False,False,False,True,False
2022,26136,746.8,26.33333333333333,62.5,2046.5191666666667,3.119,0.028573614937251298,656.1459335257026,2,False,False,False,False,False,False,False,False,False,False,False,False,False,True,False,False,False,False,True,False
2023,10177,575.3,26.0,62.41666666666666,2033.2383333333332,4.107,0.05652942910484425,495.06655303952596,3,False,False,False,False,False,False,False,False,False,False,False,False,False,True,False,False,False,False,True,False
2024,6081,597.5,25.725,62.91666666666666,2085.459166666667,3.992,0.09825686564709751,522.4096108884436,4,False,False,False,False,False,False,False,False,False,False,False,False,False,True,False,False,False,False,True,False
2025,18407,585.1,26.75,62.35,2133.681666666667,4.148,0.03178682023143369,514.3880585020894,5,False,False,False,False,False,False,False,False,False,False,False,False,False,True,False,False,False,False,True,False
2020,17775,775.1,26.258333333333336,68.375,6626.4725,2.27,0.043606188466947964,2919.1508810572686,0,False,False,False,False,False,False,False,False,False,False,False,False,False,True,False,False,True,False,False,False
2021,18500,525.5,24.15,63.675,6976.06,2.566,0.028405405405405405,2718.6515978176153,1,False,False,False,False,False,False,False,False,False,False,False,False,False,True,False,False,True,False,False,False
2022,20125,746.8,26.33333333333333,62.5,7153.881666666667,1.992,0.03710807453416149,3591.3060575635877,2,False,False,False,False,False,False,False,False,False,False,False,False,False,True,False,False,True,False,False,False
2023,12253,575.3,26.0,62.41666666666666,7247.521666666666,2.356,0.046951766914225083,3076.1976513865307,3,False,False,False,False,False,False,False,False,False,False,False,False,False,True,False,False,True,False,False,False
2024,16151,597.5,25.725,62.91666666666666,7577.468333333333,1.864,0.0369946133366355,4065.1654148783973,4,False,False,False,False,False,False,False,False,False,False,False,False,False,True,False,False,True,False,False,False
2025,28805,585.1,26.75,62.35,7716.040833333333,1.496,0.02031244575594515,5157.781305704099,5,False,False,False,False,False,False,False,False,False,False,False,False,False,True,False,False,True,False,False,False
2020,28049,775.1,26.258333333333336,68.375,5698.545833333334,2.589,0.027633783735605547,2201.0605767992793,0,False,False,False,False,False,False,False,False,False,False,False,False,False,True,False,False,False,True,False,False
2021,14207,525.5,24.15,63.675,5751.69,2.378,0.0369888083339199,2418.708999158957,1,False,False,False,False,False,False,False,False,False,False,False,False,False,True,False,False,False,True,False,False
2022,24223,746.8,26.33333333333333,62.5,5940.259999999999,2.68,0.030830202699913305,2216.514925373134,2,False,False,False,False,False,False,False,False,False,False,False,False,False,True,False,False,False,True,False,False
2023,5851,575.3,26.0,62.41666666666666,6194.689166666667,2.455,0.09832507263715604,2523.294976238968,3,False,False,False,False,False,False,False,False,False,False,False,False,False,True,False,False,False,True,False,False
2024,7427,597.5,25.725,62.91666666666666,6134.495833333333,2.364,0.08044971051568602,2594.9643965031023,4,False,False,False,False,False,False,False,False,False,False,False,False,False,True,False,False,False,True,False,False
2025,27116,585.1,26.75,62.35,6255.087500000001,2.671,0.02157766632246644,2341.852302508424,5,False,False,False,False,False,False,False,False,False,False,False,False,False,True,False,False,False,True,False,False
2020,18479,775.1,26.258333333333336,68.375,10533.2575,1.784,0.04194491043887656,5904.292320627803,0,False,False,False,False,False,False,False,False,False,False,False,False,False,True,False,False,False,False,False,False
2021,28132,525.5,24.15,63.675,10862.5825,1.93,0.018679795250959762,5628.281088082902,1,False,False,False,False,False,False,False,False,False,False,False,False,False,True,False,False,False,False,False,False
2022,8267,746.8,26.33333333333333,62.5,11167.583333333334,1.986,0.09033506713438974,5623.153742866734,2,False,False,False,False,False,False,False,False,False,False,False,False,False,True,False,False,False,False,False,False
2023,16338,575.3,26.0,62.41666666666666,11456.515833333331,1.996,0.035212388297221196,5739.737391449565,3,False,False,False,False,False,False,False,False,False,False,False,False,False,True,False,False,False,False,False,False
2024,28548,597.5,25.725,62.91666666666666,11680.37,1.544,0.020929662323104947,7565.006476683938,4,False,False,False,False,False,False,False,False,False,False,False,False,False,True,False,False,False,False,False,False
2025,23888,585.1,26.75,62.35,11553.153333333334,2.484,0.024493469524447423,4651.027911969941,5,False,False,False,False,False,False,False,False,False,False,False,False,False,True,False,False,False,False,False,False
2020,22506,708.8000000000001,26.59166666666667,65.2,2177.318333333333,3.645,0.03149382386919044,597.3438500228623,0,False,False,True,False,False,False,False,False,False,False,False,True,False,False,False,False,False,False,False,True
2021,7143,621.3,25.35,66.76666666666667,2232.3275,4.226,0.08698026039479209,528.2365120681495,1,False,False,True,False,False,False,False,False,False,False,False,True,False,False,False,False,False,False,False,True
2022,17043,668.8,26.28333333333333,61.86666666666667,2320.373333333333,4.308,0.03924191750278706,538.6196224079232,2,False,False,True,False,False,False,False,False,False,False,False,True,False,False,False,False,False,False,False,True
2023,19552,745.7,25.95833333333333,61.31666666666666,2328.3166666666666,3.777,0.03813932078559738,616.4460330067955,3,False,False,True,False,False,False,False,False,False,False,False,True,False,False,False,False,False,False,False,True
2024,17144,653.8,25.5,63.925,2426.255,4.388,0.03813579094727018,552.9295806745671,4,False,False,True,False,False,False,False,False,False,False,False,True,False,False,False,False,False,False,False,True
2025,22749,736.4,27.13333333333333,63.46666666666667,2462.0641666666666,4.043,0.03237065365510572,608.9696182702613,5,False,False,True,False,False,False,False,False,False,False,False,True,False,False,False,False,False,False,False,True
2020,18923,708.8000000000001,26.59166666666667,65.2,1955.4616666666668,3.609,0.03745706283358876,541.8292232382008,0,False,False,True,False,False,False,False,False,False,False,False,True,False,False,False,False,False,False,True,False
2021,22101,621.3,25.35,66.76666666666667,1907.8908333333327,4.278,0.028111850142527487,445.9772868941872,1,False,False,True,False,False,False,False,False,False,False,False,True,False,False,False,False,False,False,True,False
2022,10486,668.8,26.28333333333333,61.86666666666667,2016.235,4.493,0.0637802784665268,448.7502782105497,2,False,False,True,False,False,False,False,False,False,False,False,True,False,False,False,False,False,False,True,False
2023,26972,745.7,25.95833333333333,61.31666666666666,2051.425833333333,4.075,0.027647189678184785,503.41738241308775,3,False,False,True,False,False,False,False,False,False,False,False,True,False,False,False,False,False,False,True,False
2024,6062,653.8,25.5,63.925,2139.034166666667,3.574,0.10785219399538105,598.4986476403657,4,False,False,True,False,False,False,False,False,False,False,False,True,False,False,False,False,False,False,True,False
2025,16174,736.4,27.13333333333333,63.46666666666667,2165.218333333333,4.264,0.04552986274267343,507.79041588492794,5,False,False,True,False,False,False,False,False,False,False,False,True,False,False,False,False,False,False,True,False
2020,29394,708.8000000000001,26.59166666666667,65.2,6828.455833333333,2.525,0.024113764713887192,2704.3389438943896,0,False,False,True,False,False,False,False,False,False,False,False,True,False,False,False,False,True,False,False,False
2021,16516,621.3,25.35,66.76666666666667,6866.999166666667,2.36,0.037618067328651,2909.7454096045203,1,False,False,True,False,False,False,False,False,False,False,False,True,False,False,False,False,True,False,False,False
2022,22575,668.8,26.28333333333333,61.86666666666667,7221.071666666667,2.092,0.029625692137320043,3451.7550987890377,2,False,False,True,False,False,False,False,False,False,False,False,True,False,False,False,False,True,False,False,False
2023,26925,745.7,25.95833333333333,61.31666666666666,7442.465833333333,2.142,0.02769545032497679,3474.540538437597,3,False,False,True,False,False,False,False,False,False,False,False,True,False,False,False,False,True,False,False,False
2024,12494,653.8,25.5,63.925,7432.208333333333,1.946,0.05232911797662878,3819.223192874272,4,False,False,True,False,False,False,False,False,False,False,False,True,False,False,False,False,True,False,False,False
2025,11588,736.4,27.13333333333333,63.46666666666667,7466.624166666667,2.087,0.06354849844666896,3577.6828781344834,5,False,False,True,False,False,False,False,False,False,False,False,True,False,False,False,False,True,False,False,False
2020,27361,708.8000000000001,26.59166666666667,65.2,5633.816666666667,1.83,0.025905485910602686,3078.588342440801,0,False,False,True,False,False,False,False,False,False,False,False,True,False,False,False,False,False,True,False,False
2021,25652,621.3,25.35,66.76666666666667,5853.1825,2.325,0.024220333697177607,2517.497849462365,1,False,False,True,False,False,False,False,False,False,False,False,True,False,False,False,False,False,True,False,False
2022,28003,668.8,26.28333333333333,61.86666666666667,5860.570833333334,2.625,0.02388315537620969,2232.598412698413,2,False,False,True,False,False,False,False,False,False,False,False,True,False,False,False,False,False,True,False,False
2023,15150,745.7,25.95833333333333,61.31666666666666,5959.671666666666,2.856,0.049221122112211226,2086.71977124183,3,False,False,True,False,False,False,False,False,False,False,False,True,False,False,False,False,False,True,False,False
2024,5504,653.8,25.5,63.925,6137.3775,1.987,0.11878633720930232,3088.765727226975,4,False,False,True,False,False,False,False,False,False,False,False,True,False,False,False,False,False,True,False,False
2025,5823,736.4,27.13333333333333,63.46666666666667,6158.53,2.327,0.12646402198179632,2646.553502363558,5,False,False,True,False,False,False,False,False,False,False,False,True,False,False,False,False,False,True,False,False
2020,7105,708.8000000000001,26.59166666666667,65.2,10567.669166666668,1.835,0.0997607318789585,5758.947774750228,0,False,False,True,False,False,False,False,False,False,False,False,True,False,False,False,False,False,False,False,False
2021,26732,621.3,25.35,66.76666666666667,10609.569166666666,1.652,0.023241807571449946,6422.257364810331,1,False,False,True,False,False,False,False,False,False,False,False,True,False,False,False,False,False,False,False,False
2022,16704,668.8,26.28333333333333,61.86666666666667,10861.263333333334,2.22,0.04003831417624521,4892.460960960961,2,False,False,True,False,False,False,False,False,False,False,False,True,False,False,False,False,False,False,False,False
2023,10645,745.7,25.95833333333333,61.31666666666666,11322.2725,2.056,0.07005166744950682,5506.9418774319065,3,False,False,True,False,False,False,False,False,False,False,False,True,False,False,False,False,False,False,False,False
2024,13662,653.8,25.5,63.925,11480.0075,1.904,0.04785536524666959,6029.415703781513,4,False,False,True,False,False,False,False,False,False,False,False,True,False,False,False,False,False,False,False,False
2025,14337,736.4,27.13333333333333,63.46666666666667,11836.870833333334,1.439,0.051363604659273206,8225.761524206626,5,False,False,True,False,False,False,False,False,False,False,False,True,False,False,False,False,False,False,False,False
2020,24129,659.7,25.9,64.21666666666667,2255.1216666666664,3.875,0.027340544572920553,581.96688172043,0,False,False,True,False,False,False,False,False,False,False,False,False,False,False,False,True,False,False,False,True
2021,9964,678.7,26.433333333333334,57.50833333333333,2245.7091666666665,4.717,0.06811521477318347,476.0884389795774,1,False,False,True,False,False,False,False,False,False,False,False,False,False,False,False,True,False,False,False,True
2022,18216,718.9,25.041666666666668,60.825,2300.5325,4.069,0.03946530522617479,565.3803145736052,2,False,False,True,False,False,False,False,False,False,False,False,False,False,False,False,True,False,False,False,True
2023,22308,653.2,24.941666666666663,61.74166666666667,2299.704166666667,4.345,0.02928097543482159,529.2759877253549,3,False,False,True,False,False,False,False,False,False,False,False,False,False,False,False,True,False,False,False,True
2024,9804,712.2,26.441666666666663,58.68333333333334,2438.6925,4.473,0.0726438188494492,545.2028839704897,4,False,False,True,False,False,False,False,False,False,False,False,False,False,False,False,True,False,False,False,True
2025,24255,564.4,26.55,57.475,2482.5275,4.479,0.023269428983714698,554.2593212770707,5,False,False,True,False,False,False,False,False,False,False,False,False,False,False,False,True,False,False,False,True
2020,10124,659.7,25.9,64.21666666666667,1904.2733333333333,3.719,0.0651619913077835,512.0390786053599,0,False,False,True,False,False,False,False,False,False,False,False,False,False,False,False,True,False,False,True,False
2021,7193,678.7,26.433333333333334,57.50833333333333,1909.506666666667,3.899,0.09435562352286947,489.7426690604429,1,False,False,True,False,False,False,False,False,False,False,False,False,False,False,False,True,False,False,True,False
2022,25309,718.9,25.041666666666668,60.825,2042.3275,4.144,0.0284049152475404,492.8396476833977,2,False,False,True,False,False,False,False,False,False,False,False,False,False,False,False,True,False,False,True,False
2023,25384,653.2,24.941666666666663,61.74166666666667,2049.418333333333,3.231,0.025732745036243305,634.2984628082121,3,False,False,True,False,False,False,False,False,False,False,False,False,False,False,False,True,False,False,True,False
2024,5384,712.2,26.441666666666663,58.68333333333334,2140.464166666666,4.326,0.13228083209509658,494.7906071813838,4,False,False,True,False,False,False,False,False,False,False,False,False,False,False,False,True,False,False,True,False
2025,14860,564.4,26.55,57.475,2173.6108333333336,3.812,0.037981157469717364,570.2022123119973,5,False,False,True,False,False,False,False,False,False,False,False,False,False,False,False,True,False,False,True,False
2020,28524,659.7,25.9,64.21666666666667,6838.2825,2.433,0.023127892301220025,2810.6381011097415,0,False,False,True,False,False,False,False,False,False,False,False,False,False,False,False,True,True,False,False,False
2021,25562,678.7,26.433333333333334,57.50833333333333,7034.405833333333,1.656,0.026551130584461312,4247.829609500805,1,False,False,True,False,False,False,False,False,False,False,False,False,False,False,False,True,True,False,False,False
2022,10997,718.9,25.041666666666668,60.825,7097.325,1.747,0.06537237428389561,4062.578706353749,2,False,False,True,False,False,False,False,False,False,False,False,False,False,False,False,True,True,False,False,False
2023,29323,653.2,24.941666666666663,61.74166666666667,7272.378333333333,1.918,0.022276029055690073,3791.6466805700384,3,False,False,True,False,False,False,False,False,False,False,False,False,False,False,False,True,True,False,False,False
2024,15015,712.2,26.441666666666663,58.68333333333334,7664.3825,1.993,0.047432567432567435,3845.6510286001,4,False,False,True,False,False,False,False,False,False,False,False,False,False,False,False,True,True,False,False,False
2025,15357,564.4,26.55,57.475,7836.076666666667,2.251,0.03675196978576545,3481.1535613801275,5,False,False,True,False,False,False,False,False,False,False,False,False,False,False,False,True,True,False,False,False
2020,15176,659.7,25.9,64.21666666666667,5562.428333333333,3.127,0.043469952556668426,1778.8386099562947,0,False,False,True,False,False,False,False,False,False,False,False,False,False,False,False,True,False,True,False,False
2021,29285,678.7,26.433333333333334,57.50833333333333,5764.599166666667,2.793,0.02317568721188322,2063.9452798663324,1,False,False,True,False,False,False,False,False,False,False,False,False,False,False,False,True,False,True,False,False
2022,24198,718.9,25.041666666666668,60.825,5867.580833333333,2.828,0.02970906686503017,2074.816419141914,2,False,False,True,False,False,False,False,False,False,False,False,False,False,False,False,True,False,True,False,False
2023,25914,653.2,24.941666666666663,61.74166666666667,6138.356666666667,2.633,0.025206452110828125,2331.3166223572603,3,False,False,True,False,False,False,False,False,False,False,False,False,False,False,False,True,False,True,False,False
2024,11881,712.2,26.441666666666663,58.68333333333334,6269.688333333333,2.108,0.05994444912044441,2974.235452245414,4,False,False,True,False,False,False,False,False,False,False,False,False,False,False,False,True,False,True,False,False
2025,11941,564.4,26.55,57.475,6310.204166666666,2.308,0.0472657231387656,2734.0572645869443,5,False,False,True,False,False,False,False,False,False,False,False,False,False,False,False,True,False,True,False,False
2020,15209,659.7,25.9,64.21666666666667,10404.753333333334,1.285,0.04337563284897101,8097.0843060959805,0,False,False,True,False,False,False,False,False,False,False,False,False,False,False,False,True,False,False,False,False
2021,14550,678.7,26.433333333333334,57.50833333333333,10767.9375,1.683,0.046646048109965636,6398.061497326203,1,False,False,True,False,False,False,False,False,False,False,False,False,False,False,False,True,False,False,False,False
2022,29114,718.9,25.041666666666668,60.825,11056.347499999998,2.097,0.024692587758466715,5272.459465903671,2,False,False,True,False,False,False,False,False,False,False,False,False,False,False,False,True,False,False,False,False
2023,21521,653.2,24.941666666666663,61.74166666666667,11270.014166666668,1.997,0.030351749454021654,5643.47229177099,3,False,False,True,False,False,False,False,False,False,False,False,False,False,False,False,True,False,False,False,False
2024,24963,712.2,26.441666666666663,58.68333333333334,11723.991666666669,1.888,0.028530224732604255,6209.741348870058,4,False,False,True,False,False,False,False,False,False,False,False,False,False,False,False,True,False,False,False,False
2025,11269,564.4,26.55,57.475,11870.685,1.785,0.05008430206761913,6650.243697478992,5,False,False,True,False,False,False,False,False,False,False,False,False,False,False,False,True,False,False,False,False
2020,23290,771.8,27.7,61.708333333333336,2168.685,4.404,0.03313868613138686,492.43528610354224,0,False,False,True,False,False,True,False,False,False,False,False,False,False,False,False,False,False,False,False,True
2021,20183,589.0,26.55,59.075,2258.208333333333,4.168,0.029182975771689046,541.7966250799743,1,False,False,True,False,False,True,False,False,False,False,False,False,False,False,False,False,False,False,False,True
2022,14911,737.7,25.041666666666668,65.09166666666667,2267.84,4.281,0.04947354302193012,529.7453865919178,2,False,False,True,False,False,True,False,False,False,False,False,False,False,False,False,False,False,False,False,True
2023,5666,776.3000000000001,25.25,60.11666666666667,2358.478333333333,4.188,0.1370102364984116,563.151464501751,3,False,False,True,False,False,True,False,False,False,False,False,False,False,False,False,False,False,False,False,True
2024,28161,603.2,27.60833333333333,63.68333333333334,2404.275,4.154,0.02141969390291538,578.7855079441503,4,False,False,True,False,False,True,False,False,False,False,False,False,False,False,False,False,False,False,False,True
2025,26969,762.9,25.95,66.23333333333333,2462.44,3.946,0.028288034409878007,624.0344652812975,5,False,False,True,False,False,True,False,False,False,False,False,False,False,False,False,False,False,False,False,True
2020,18716,771.8,27.7,61.708333333333336,1844.1408333333327,4.631,0.04123744389826886,398.2165479018209,0,False,False,True,False,False,True,False,False,False,False,False,False,False,False,False,False,False,False,True,False
2021,21907,589.0,26.55,59.075,1930.7175,3.423,0.026886383347788378,564.0425065731814,1,False,False,True,False,False,True,False,False,False,False,False,False,False,False,False,False,False,False,True,False
2022,19124,737.7,25.041666666666668,65.09166666666667,1966.736666666667,3.644,0.03857456599037858,539.7191730698867,2,False,False,True,False,False,True,False,False,False,False,False,False,False,False,False,False,False,False,True,False
2023,27574,776.3000000000001,25.25,60.11666666666667,2042.0925,3.756,0.028153332849786033,543.6880990415335,3,False,False,True,False,False,True,False,False,False,False,False,False,False,False,False,False,False,False,True,False
2024,27877,603.2,27.60833333333333,63.68333333333334,2133.7691666666665,3.482,0.021637909387667253,612.7998755504499,4,False,False,True,False,False,True,False,False,False,False,False,False,False,False,False,False,False,False,True,False
2025,9432,762.9,25.95,66.23333333333333,2170.9308333333333,3.764,0.08088422391857505,576.7616454126816,5,False,False,True,False,False,True,False,False,False,False,False,False,False,False,False,False,False,False,True,False
2020,19178,771.8,27.7,61.708333333333336,6605.6325,1.882,0.040244029617269785,3509.9003719447396,0,False,False,True,False,False,True,False,False,False,False,False,False,False,False,False,False,True,False,False,False
2021,22022,589.0,26.55,59.075,7000.912499999999,2.109,0.026745981291435836,3319.5412517780937,1,False,False,True,False,False,True,False,False,False,False,False,False,False,False,False,False,True,False,False,False
2022,13150,737.7,25.041666666666668,65.09166666666667,7173.921666666666,2.412,0.056098859315589354,2974.262714206744,2,False,False,True,False,False,True,False,False,False,False,False,False,False,False,False,False,True,False,False,False
2023,11809,776.3000000000001,25.25,60.11666666666667,7456.803333333333,2.259,0.06573799644339064,3300.931090453003,3,False,False,True,False,False,True,False,False,False,False,False,False,False,False,False,False,True,False,False,False
2024,24181,603.2,27.60833333333333,63.68333333333334,7509.650000000001,2.275,0.024945204912948184,3300.9450549450553,4,False,False,True,False,False,True,False,False,False,False,False,False,False,False,False,False,True,False,False,False
2025,6906,762.9,25.95,66.23333333333333,7537.440833333334,1.76,0.11046915725456125,4282.636837121213,5,False,False,True,False,False,True,False,False,False,False,False,False,False,False,False,False,True,False,False,False
2020,17772,771.8,27.7,61.708333333333336,5613.905,2.114,0.04342786405581814,2655.5842005676445,0,False,False,True,False,False,True,False,False,False,False,False,False,False,False,False,False,False,True,False,False
2021,22680,589.0,26.55,59.075,5749.654166666667,2.039,0.025970017636684304,2819.840199444172,1,False,False,True,False,False,True,False,False,False,False,False,False,False,False,False,False,False,True,False,False
2022,20147,737.7,25.041666666666668,65.09166666666667,5967.7275,2.003,0.036615873331017026,2979.3946580129805,2,False,False,True,False,False,True,False,False,False,False,False,False,False,False,False,False,False,True,False,False
2023,11168,776.3000000000001,25.25,60.11666666666667,6043.340833333333,2.711,0.06951110315186247,2229.1924873970243,3,False,False,True,False,False,True,False,False,False,False,False,False,False,False,False,False,False,True,False,False
2024,11371,603.2,27.60833333333333,63.68333333333334,6162.2275,2.986,0.053047225397942134,2063.706463496316,4,False,False,True,False,False,True,False,False,False,False,False,False,False,False,False,False,False,True,False,False
2025,12943,762.9,25.95,66.23333333333333,6194.4783333333335,3.104,0.05894305802364212,1995.6437929553265,5,False,False,True,False,False,True,False,False,False,False,False,False,False,False,False,False,False,True,False,False
2020,20913,771.8,27.7,61.708333333333336,10769.3375,1.332,0.03690527423133936,8085.088213213213,0,False,False,True,False,False,True,False,False,False,False,False,False,False,False,False,False,False,False,False,False
2021,26785,589.0,26.55,59.075,10438.776666666668,1.751,0.021989919731192832,5961.608604606893,1,False,False,True,False,False,True,False,False,False,False,False,False,False,False,False,False,False,False,False,False
2022,15554,737.7,25.041666666666668,65.09166666666667,11258.6375,1.836,0.04742831425999743,6132.155501089324,2,False,False,True,False,False,True,False,False,False,False,False,False,False,False,False,False,False,False,False,False
2023,22844,776.3000000000001,25.25,60.11666666666667,11202.778333333334,1.587,0.03398266503239363,7059.091577399707,3,False,False,True,False,False,True,False,False,False,False,False,False,False,False,False,False,False,False,False,False
2024,28370,603.2,27.60833333333333,63.68333333333334,11770.46,2.051,0.0212618963694043,5738.888347147732,4,False,False,True,False,False,True,False,False,False,False,False,False,False,False,False,False,False,False,False,False
2025,29579,762.9,25.95,66.23333333333333,11867.148333333333,2.033,0.02579194698941817,5837.259386784719,5,False,False,True,False,False,True,False,False,False,False,False,False,False,False,False,False,False,False,False,False
2020,10560,667.0,26.516666666666666,63.91666666666666,2183.151666666666,4.686,0.06316287878787878,465.8881064162753,0,False,False,True,False,False,False,True,False,False,False,False,False,False,False,False,False,False,False,False,True
2021,20385,550.1,26.925,63.2,2279.0816666666665,4.14,0.02698552857493255,550.5028180354267,1,False,False,True,False,False,False,True,False,False,False,False,False,False,False,False,False,False,False,False,True
2022,11469,612.7,25.725,62.88333333333333,2279.9125,4.086,0.05342226872438748,557.9815222711698,2,False,False,True,False,False,False,True,False,False,False,False,False,False,False,False,False,False,False,False,True
2023,11283,659.9,25.20833333333333,60.75833333333333,2387.3725,4.01,0.058486218204378264,595.3547381546135,3,False,False,True,False,False,False,True,False,False,False,False,False,False,False,False,False,False,False,False,True
2024,17607,576.0,26.20833333333333,60.10833333333333,2447.9125,3.983,0.032714261373317434,614.5901330655284,4,False,False,True,False,False,False,True,False,False,False,False,False,False,False,False,False,False,False,False,True
2025,11988,645.1,26.566666666666663,56.84166666666667,2432.0641666666666,4.121,0.05381214547881215,590.1635929790503,5,False,False,True,False,False,False,True,False,False,False,False,False,False,False,False,False,False,False,False,True
2020,17977,667.0,26.516666666666666,63.91666666666666,1935.385,3.603,0.03710296489959392,537.1593116847072,0,False,False,True,False,False,False,True,False,False,False,False,False,False,False,False,False,False,False,True,False
2021,14865,550.1,26.925,63.2,1986.8808333333332,3.906,0.03700639085099226,508.6740484724355,1,False,False,True,False,False,False,True,False,False,False,False,False,False,False,False,False,False,False,True,False
2022,15568,612.7,25.725,62.88333333333333,1999.1033333333332,4.235,0.039356372045220966,472.04329004328997,2,False,False,True,False,False,False,True,False,False,False,False,False,False,False,False,False,False,False,True,False
2023,19231,659.9,25.20833333333333,60.75833333333333,2016.069166666667,4.097,0.03431438822734127,492.0842486372142,3,False,False,True,False,False,False,True,False,False,False,False,False,False,False,False,False,False,False,True,False
2024,14310,576.0,26.20833333333333,60.10833333333333,2168.3250000000003,3.846,0.04025157232704402,563.7870514820594,4,False,False,True,False,False,False,True,False,False,False,False,False,False,False,False,False,False,False,True,False
2025,24019,645.1,26.566666666666663,56.84166666666667,2123.0883333333336,3.846,0.026857904159207295,552.0250476685735,5,False,False,True,False,False,False,True,False,False,False,False,False,False,False,False,False,False,False,True,False
2020,8391,667.0,26.516666666666666,63.91666666666666,6869.697499999999,2.327,0.07948992968656894,2952.1691018478728,0,False,False,True,False,False,False,True,False,False,False,False,False,False,False,False,False,True,False,False,False
2021,13007,550.1,26.925,63.2,6824.6875,2.349,0.042292611670638885,2905.3586632609617,1,False,False,True,False,False,False,True,False,False,False,False,False,False,False,False,False,True,False,False,False
2022,28325,612.7,25.725,62.88333333333333,7199.938333333333,2.153,0.02163106796116505,3344.14228208701,2,False,False,True,False,False,False,True,False,False,False,False,False,False,False,False,False,True,False,False,False
2023,24282,659.9,25.20833333333333,60.75833333333333,7082.1575,2.659,0.02717650934848859,2663.4665287702146,3,False,False,True,False,False,False,True,False,False,False,False,False,False,False,False,False,True,False,False,False
2024,25611,576.0,26.20833333333333,60.10833333333333,7433.38,1.788,0.022490336183671078,4157.371364653244,4,False,False,True,False,False,False,True,False,False,False,False,False,False,False,False,False,True,False,False,False
2025,15535,645.1,26.566666666666663,56.84166666666667,7719.884166666667,2.249,0.04152558738332797,3432.5852230621017,5,False,False,True,False,False,False,True,False,False,False,False,False,False,False,False,False,True,False,False,False
2020,11943,667.0,26.516666666666666,63.91666666666666,5643.948333333334,2.05,0.055848614251025705,2753.145528455285,0,False,False,True,False,False,False,True,False,False,False,False,False,False,False,False,False,False,True,False,False
2021,26526,550.1,26.925,63.2,5858.935833333333,2.285,0.020738143708060017,2564.085703865791,1,False,False,True,False,False,False,True,False,False,False,False,False,False,False,False,False,False,True,False,False
2022,7192,612.7,25.725,62.88333333333333,6014.631666666667,2.572,0.08519187986651836,2338.503758424054,2,False,False,True,False,False,False,True,False,False,False,False,False,False,False,False,False,False,True,False,False
2023,23381,659.9,25.20833333333333,60.75833333333333,6039.855833333334,2.438,0.028223771438347374,2477.381391851244,3,False,False,True,False,False,False,True,False,False,False,False,False,False,False,False,False,False,True,False,False
2024,22586,576.0,26.20833333333333,60.10833333333333,6101.431666666666,2.177,0.025502523687239882,2802.678762823457,4,False,False,True,False,False,False,True,False,False,False,False,False,False,False,False,False,False,True,False,False
2025,20374,645.1,26.566666666666663,56.84166666666667,6471.8341666666665,2.662,0.03166290370079513,2431.1923991985977,5,False,False,True,False,False,False,True,False,False,False,False,False,False,False,False,False,False,True,False,False
2020,14446,667.0,26.516666666666666,63.91666666666666,10453.764166666666,2.168,0.04617195071300014,4821.846940344402,0,False,False,True,False,False,False,True,False,False,False,False,False,False,False,False,False,False,False,False,False
2021,22334,550.1,26.925,63.2,10731.39,1.644,0.024630608041551,6527.609489051095,1,False,False,True,False,False,False,True,False,False,False,False,False,False,False,False,False,False,False,False,False
2022,9612,612.7,25.725,62.88333333333333,10937.975,1.959,0.06374323761964212,5583.448187850944,2,False,False,True,False,False,False,True,False,False,False,False,False,False,False,False,False,False,False,False,False
2023,27412,659.9,25.20833333333333,60.75833333333333,11278.709166666667,1.518,0.024073398511600758,7429.97968818621,3,False,False,True,False,False,False,True,False,False,False,False,False,False,False,False,False,False,False,False,False
2024,8228,576.0,26.20833333333333,60.10833333333333,11341.709166666667,2.401,0.07000486144871172,4723.743926141886,4,False,False,True,False,False,False,True,False,False,False,False,False,False,False,False,False,False,False,False,False
2025,23755,645.1,26.566666666666663,56.84166666666667,11878.875833333334,2.178,0.027156388128814987,5454.029308233854,5,False,False,True,False,False,False,True,False,False,False,False,False,False,False,False,False,False,False,False,False
2020,21478,668.7,25.75,67.63333333333334,2226.726666666667,4.886,0.03113418381599777,455.73611679628874,0,True,False,False,False,False,False,False,False,False,True,False,False,False,False,False,False,False,False,False,True
2021,5793,697.2,26.183333333333334,63.59166666666667,2272.6475,3.781,0.12035214914552046,601.0704839989421,1,True,False,False,False,False,False,False,False,False,True,False,False,False,False,False,False,False,False,False,True
2022,17298,663.6,26.366666666666664,57.650000000000006,2305.1616666666664,4.266,0.03836281651057926,540.356696358806,2,True,False,False,False,False,False,False,False,False,True,False,False,False,False,False,False,False,False,False,True
2023,16397,636.3,25.71666666666667,59.75,2357.483333333333,3.494,0.03880587912423004,674.723335241366,3,True,False,False,False,False,False,False,False,False,True,False,False,False,False,False,False,False,False,False,True
2024,15541,625.0,26.975,59.59166666666667,2424.4575,4.36,0.04021620230358407,556.068233944954,4,True,False,False,False,False,False,False,False,False,True,False,False,False,False,False,False,False,False,False,True
2025,12783,771.0,26.0,60.05833333333333,2463.8325,4.575,0.06031448016897442,538.5426229508197,5,True,False,False,False,False,False,False,False,False,True,False,False,False,False,False,False,False,False,False,True
2020,29174,668.7,25.75,67.63333333333334,1918.7508333333333,4.281,0.022921094124905738,448.20154948220824,0,True,False,False,False,False,False,False,False,False,True,False,False,False,False,False,False,False,False,True,False
2021,12147,697.2,26.183333333333334,63.59166666666667,1926.22,4.197,0.05739688812052359,458.95163211817965,1,True,False,False,False,False,False,False,False,False,True,False,False,False,False,False,False,False,False,True,False
2022,25260,663.6,26.366666666666664,57.650000000000006,1953.2758333333331,3.807,0.026270783847980997,513.074818317135,2,True,False,False,False,False,False,False,False,False,True,False,False,False,False,False,False,False,False,True,False
2023,13795,636.3,25.71666666666667,59.75,2032.0233333333333,3.666,0.046125407756433486,554.2889616293871,3,True,False,False,False,False,False,False,False,False,True,False,False,False,False,False,False,False,False,True,False
2024,25530,625.0,26.975,59.59166666666667,2068.516666666667,3.851,0.02448100274187231,537.1375400328919,4,True,False,False,False,False,False,False,False,False,True,False,False,False,False,False,False,False,False,True,False
2025,8797,771.0,26.0,60.05833333333333,2104.458333333333,3.588,0.08764351483460271,586.5268487551095,5,True,False,False,False,False,False,False,False,False,True,False,False,False,False,False,False,False,False,True,False
2020,19755,668.7,25.75,67.63333333333334,6960.070833333334,2.381,0.0338496583143508,2923.1712865742693,0,True,False,False,False,False,False,False,False,False,True,False,False,False,False,False,False,True,False,False,False
2021,26415,697.2,26.183333333333334,63.59166666666667,7080.378333333334,2.232,0.026394094264622376,3172.212514934289,1,True,False,False,False,False,False,False,False,False,True,False,False,False,False,False,False,True,False,False,False
2022,14524,663.6,26.366666666666664,57.650000000000006,7249.544166666667,2.104,0.04568989259157257,3445.6008396704688,2,True,False,False,False,False,False,False,False,False,True,False,False,False,False,False,False,True,False,False,False
2023,9212,636.3,25.71666666666667,59.75,7399.9725,2.033,0.06907294832826748,3639.927447122479,3,True,False,False,False,False,False,False,False,False,True,False,False,False,False,False,False,True,False,False,False
2024,21920,625.0,26.975,59.59166666666667,7524.085,1.186,0.028512773722627737,6344.085160202361,4,True,False,False,False,False,False,False,False,False,True,False,False,False,False,False,False,True,False,False,False
2025,27874,771.0,26.0,60.05833333333333,7509.043333333334,1.824,0.027660185118748654,4116.800073099415,5,True,False,False,False,False,False,False,False,False,True,False,False,False,False,False,False,True,False,False,False
2020,9971,668.7,25.75,67.63333333333334,5635.450833333333,2.452,0.06706448701233578,2298.3078439369224,0,True,False,False,False,False,False,False,False,False,True,False,False,False,False,False,False,False,True,False,False
2021,17312,697.2,26.183333333333334,63.59166666666667,5594.695,2.009,0.040272643253234756,2784.815828770533,1,True,False,False,False,False,False,False,False,False,True,False,False,False,False,False,False,False,True,False,False
2022,27359,663.6,26.366666666666664,57.650000000000006,5928.0025,2.371,0.024255272488029535,2500.2119358920286,2,True,False,False,False,False,False,False,False,False,True,False,False,False,False,False,False,False,True,False,False
2023,9757,636.3,25.71666666666667,59.75,6011.274166666667,2.142,0.06521471763861843,2806.3838313103024,3,True,False,False,False,False,False,False,False,False,True,False,False,False,False,False,False,False,True,False,False
2024,22350,625.0,26.975,59.59166666666667,6307.391666666666,2.502,0.02796420581655481,2520.939914734879,4,True,False,False,False,False,False,False,False,False,True,False,False,False,False,False,False,False,True,False,False
2025,9243,771.0,26.0,60.05833333333333,6245.690833333334,2.247,0.0834144758195391,2779.5686841714883,5,True,False,False,False,False,False,False,False,False,True,False,False,False,False,False,False,False,True,False,False
2020,14916,668.7,25.75,67.63333333333334,10578.279166666667,1.491,0.04483105390185037,7094.75463894478,0,True,False,False,False,False,False,False,False,False,True,False,False,False,False,False,False,False,False,False,False
2021,6759,697.2,26.183333333333334,63.59166666666667,10765.4425,1.796,0.10315135375055483,5994.121659242761,1,True,False,False,False,False,False,False,False,False,True,False,False,False,False,False,False,False,False,False,False
2022,29442,663.6,26.366666666666664,57.650000000000006,11052.689166666663,2.003,0.02253922967189729,5518.067482110167,2,True,False,False,False,False,False,False,False,False,True,False,False,False,False,False,False,False,False,False,False
2023,7717,636.3,25.71666666666667,59.75,11218.4,1.883,0.08245432162757547,5957.727031332979,3,True,False,False,False,False,False,False,False,False,True,False,False,False,False,False,False,False,False,False,False
2024,23449,625.0,26.975,59.59166666666667,11386.560833333337,1.695,0.02665358863917438,6717.735004916422,4,True,False,False,False,False,False,False,False,False,True,False,False,False,False,False,False,False,False,False,False
2025,11645,771.0,26.0,60.05833333333333,11907.843333333332,1.199,0.06620867325032202,9931.479010286348,5,True,False,False,False,False,False,False,False,False,True,False,False,False,False,False,False,False,False,False,False
2020,10797,495.9,26.133333333333336,55.44166666666666,2197.5666666666666,4.21,0.04592942484023339,521.987331749802,0,True,False,False,False,False,False,False,False,False,False,False,False,False,False,False,False,False,False,False,True
2021,24719,680.0,25.816666666666663,56.69166666666666,2324.83,3.808,0.027509203446741372,610.5120798319327,1,True,False,False,False,False,False,False,False,False,False,False,False,False,False,False,False,False,False,False,True
2022,15093,630.7,25.45,60.3,2305.3075,4.429,0.04178758364804877,520.5029351998193,2,True,False,False,False,False,False,False,False,False,False,False,False,False,False,False,False,False,False,False,True
2023,21438,610.6,25.65833333333333,59.66666666666666,2377.3866666666668,4.075,0.02848213452747458,583.4077709611452,3,True,False,False,False,False,False,False,False,False,False,False,False,False,False,False,False,False,False,False,True
2024,20708,594.0,26.28333333333333,60.425,2415.8525,3.828,0.02868456635116863,631.1004440961337,4,True,False,False,False,False,False,False,False,False,False,False,False,False,False,False,False,False,False,False,True
2025,27338,638.5,26.575,61.675,2484.3475,4.019,0.023355768527324603,618.1506593680019,5,True,False,False,False,False,False,False,False,False,False,False,False,False,False,False,False,False,False,False,True
2020,21380,495.9,26.133333333333336,55.44166666666666,1926.934166666667,3.813,0.023194574368568754,505.35907859078594,0,True,False,False,False,False,False,False,False,False,False,False,False,False,False,False,False,False,False,True,False
2021,8300,680.0,25.816666666666663,56.69166666666666,1911.0158333333327,3.607,0.0819277108433735,529.8075501339985,1,True,False,False,False,False,False,False,False,False,False,False,False,False,False,False,False,False,False,True,False
2022,8054,630.7,25.45,60.3,1953.0325,4.077,0.07830891482493171,479.0366691194506,2,True,False,False,False,False,False,False,False,False,False,False,False,False,False,False,False,False,False,True,False
2023,26591,610.6,25.65833333333333,59.66666666666666,2079.8058333333333,4.011,0.022962656537926368,518.52551317211,3,True,False,False,False,False,False,False,False,False,False,False,False,False,False,False,False,False,False,True,False
2024,23922,594.0,26.28333333333333,60.425,2077.3775,3.497,0.024830699774266364,594.0456105233058,4,True,False,False,False,False,False,False,False,False,False,False,False,False,False,False,False,False,False,True,False
2025,5822,638.5,26.575,61.675,2137.7875,4.007,0.10967021642047406,533.5132268530073,5,True,False,False,False,False,False,False,False,False,False,False,False,False,False,False,False,False,False,True,False
2020,13705,495.9,26.133333333333336,55.44166666666666,6828.255,2.319,0.03618387449835826,2944.4825355756793,0,True,False,False,False,False,False,False,False,False,False,False,False,False,False,False,False,True,False,False,False
2021,24978,680.0,25.816666666666663,56.69166666666666,6849.221666666667,1.649,0.027223957082232363,4153.560743885183,1,True,False,False,False,False,False,False,False,False,False,False,False,False,False,False,False,True,False,False,False
2022,9566,630.7,25.45,60.3,7223.216666666667,2.098,0.0659314237925988,3442.9059421671436,2,True,False,False,False,False,False,False,False,False,False,False,False,False,False,False,False,True,False,False,False
2023,18192,610.6,25.65833333333333,59.66666666666666,7424.520833333333,1.718,0.03356420404573439,4321.60700426853,3,True,False,False,False,False,False,False,False,False,False,False,False,False,False,False,False,True,False,False,False
2024,27003,594.0,26.28333333333333,60.425,7544.321666666667,1.879,0.021997555827130318,4015.0727337236117,4,True,False,False,False,False,False,False,False,False,False,False,False,False,False,False,False,True,False,False,False
2025,7106,638.5,26.575,61.675,7648.324166666666,2.154,0.08985364480720517,3550.7540235221295,5,True,False,False,False,False,False,False,False,False,False,False,False,False,False,False,False,True,False,False,False
2020,24152,495.9,26.133333333333336,55.44166666666666,5497.0858333333335,2.023,0.020532461079827757,2717.294035261163,0,True,False,False,False,False,False,False,False,False,False,False,False,False,False,False,False,False,True,False,False
2021,17808,680.0,25.816666666666663,56.69166666666666,5763.025000000001,2.87,0.038185085354896675,2008.0226480836238,1,True,False,False,False,False,False,False,False,False,False,False,False,False,False,False,False,False,True,False,False
2022,28752,630.7,25.45,60.3,5918.949166666666,2.378,0.021935865331107404,2489.045065881693,2,True,False,False,False,False,False,False,False,False,False,False,False,False,False,False,False,False,True,False,False
2023,23435,610.6,25.65833333333333,59.66666666666666,6038.126666666667,2.842,0.026055045871559632,2124.604738447103,3,True,False,False,False,False,False,False,False,False,False,False,False,False,False,False,False,False,True,False,False
2024,28365,594.0,26.28333333333333,60.425,6173.675833333334,2.31,0.020941300898995242,2672.586940836941,4,True,False,False,False,False,False,False,False,False,False,False,False,False,False,False,False,False,True,False,False
2025,12184,638.5,26.575,61.675,6327.963333333333,1.746,0.05240479317137229,3624.2630775105,5,True,False,False,False,False,False,False,False,False,False,False,False,False,False,False,False,False,True,False,False
2020,17875,495.9,26.133333333333336,55.44166666666666,10856.5875,2.082,0.02774265734265734,5214.499279538905,0,True,False,False,False,False,False,False,False,False,False,False,False,False,False,False,False,False,False,False,False
2021,19060,680.0,25.816666666666663,56.69166666666666,10857.863333333333,1.787,0.035676810073452254,6076.028725983958,1,True,False,False,False,False,False,False,False,False,False,False,False,False,False,False,False,False,False,False,False
2022,16664,630.7,25.45,60.3,11057.010833333334,1.222,0.037848055688910226,9048.290370976541,2,True,False,False,False,False,False,False,False,False,False,False,False,False,False,False,False,False,False,False,False
2023,24065,610.6,25.65833333333333,59.66666666666666,11328.7575,1.293,0.025372948265115314,8761.606728538283,3,True,False,False,False,False,False,False,False,False,False,False,False,False,False,False,False,False,False,False,False
2024,10941,594.0,26.28333333333333,60.425,11582.444166666666,1.801,0.05429119824513299,6431.118360170276,4,True,False,False,False,False,False,False,False,False,False,False,False,False,False,False,False,False,False,False,False
2025,16555,638.5,26.575,61.675,11937.685833333337,2.07,0.03856840833585019,5766.997987117555,5,True,False,False,False,False,False,False,False,False,False,False,False,False,False,False,False,False,False,False,False
2020,11819,604.0,25.35,58.375,2156.5275,4.327,0.05110415432777731,498.3886064247747,0,True,False,False,True,False,False,False,False,False,False,False,False,False,False,False,False,False,False,False,True
2021,22717,621.1999999999999,24.98333333333333,62.60833333333333,2207.403333333333,4.415,0.027345160012325568,499.9781049452623,1,True,False,False,True,False,False,False,False,False,False,False,False,False,False,False,False,False,False,False,True
2022,9853,696.9,26.23333333333333,59.00833333333333,2315.3975,3.913,0.07072972698670456,591.7192691029901,2,True,False,False,True,False,False,False,False,False,False,False,False,False,False,False,False,False,False,False,True
2023,12715,539.0,26.791666666666668,58.59166666666667,2359.5466666666666,4.064,0.042390876917027136,580.5971128608924,3,True,False,False,True,False,False,False,False,False,False,False,False,False,False,False,False,False,False,False,True
2024,20850,499.0,25.675,56.90833333333333,2383.8775,3.99,0.02393285371702638,597.4630325814536,4,True,False,False,True,False,False,False,False,False,False,False,False,False,False,False,False,False,False,False,True
2025,12617,631.6,26.35,57.875,2468.5141666666664,4.638,0.050059443607830705,532.2367759091562,5,True,False,False,True,False,False,False,False,False,False,False,False,False,False,False,False,False,False,False,True
2020,14130,604.0,25.35,58.375,1915.2375,4.243,0.04274593064401982,451.3875795427763,0,True,False,False,True,False,False,False,False,False,False,False,False,False,False,False,False,False,False,True,False
2021,29354,621.1999999999999,24.98333333333333,62.60833333333333,1941.9566666666667,4.003,0.02116236288069769,485.12532267466065,1,True,False,False,True,False,False,False,False,False,False,False,False,False,False,False,False,False,False,True,False
2022,13363,696.9,26.23333333333333,59.00833333333333,1985.368333333333,3.592,0.05215146299483649,552.7194691907943,2,True,False,False,True,False,False,False,False,False,False,False,False,False,False,False,False,False,False,True,False
2023,21314,539.0,26.791666666666668,58.59166666666667,2078.0141666666664,3.945,0.02528854274185981,526.7463033375581,3,True,False,False,True,False,False,False,False,False,False,False,False,False,False,False,False,False,False,True,False
2024,29366,499.0,25.675,56.90833333333333,2033.3575,4.218,0.016992440237008785,482.066737790422,4,True,False,False,True,False,False,False,False,False,False,False,False,False,False,False,False,False,False,True,False
2025,16344,631.6,26.35,57.875,2099.9175,4.246,0.038644150758688205,494.56370701837017,5,True,False,False,True,False,False,False,False,False,False,False,False,False,False,False,False,False,False,True,False
2020,10319,604.0,25.35,58.375,6685.379166666667,1.675,0.05853280356623704,3991.2711442786067,0,True,False,False,True,False,False,False,False,False,False,False,False,False,False,False,False,True,False,False,False
2021,16918,621.1999999999999,24.98333333333333,62.60833333333333,6894.366666666668,2.091,0.03671828821373684,3297.1624422126574,1,True,False,False,True,False,False,False,False,False,False,False,False,False,False,False,False,True,False,False,False
2022,18849,696.9,26.23333333333333,59.00833333333333,7040.305833333333,2.248,0.03697278370205316,3131.808644721233,2,True,False,False,True,False,False,False,False,False,False,False,False,False,False,False,False,True,False,False,False
2023,17045,539.0,26.791666666666668,58.59166666666667,7420.875,2.003,0.03162217659137577,3704.880179730404,3,True,False,False,True,False,False,False,False,False,False,False,False,False,False,False,False,True,False,False,False
2024,16122,499.0,25.675,56.90833333333333,7446.165833333333,2.265,0.030951494851755364,3287.4904341427514,4,True,False,False,True,False,False,False,False,False,False,False,False,False,False,False,False,True,False,False,False
2025,26469,631.6,26.35,57.875,7401.510833333334,1.925,0.023861876157013868,3844.9406926406928,5,True,False,False,True,False,False,False,False,False,False,False,False,False,False,False,False,True,False,False,False
2020,22850,604.0,25.35,58.375,5593.631666666667,2.329,0.026433260393873087,2401.73107199084,0,True,False,False,True,False,False,False,False,False,False,False,False,False,False,False,False,False,True,False,False
2021,29364,621.1999999999999,24.98333333333333,62.60833333333333,5701.23,2.311,0.021155155973300636,2466.9969710082214,1,True,False,False,True,False,False,False,False,False,False,False,False,False,False,False,False,False,True,False,False
2022,7983,696.9,26.23333333333333,59.00833333333333,5790.114166666666,1.788,0.08729800826756857,3238.3188851603277,2,True,False,False,True,False,False,False,False,False,False,False,False,False,False,False,False,False,True,False,False
2023,13230,539.0,26.791666666666668,58.59166666666667,6037.1475,1.975,0.040740740740740744,3056.7835443037975,3,True,False,False,True,False,False,False,False,False,False,False,False,False,False,False,False,False,True,False,False
2024,26852,499.0,25.675,56.90833333333333,6279.009999999999,2.781,0.018583345747057948,2257.8245235526783,4,True,False,False,True,False,False,False,False,False,False,False,False,False,False,False,False,False,True,False,False
2025,20520,631.6,26.35,57.875,6349.64,2.66,0.03077972709551657,2387.0827067669175,5,True,False,False,True,False,False,False,False,False,False,False,False,False,False,False,False,False,True,False,False
2020,20229,604.0,25.35,58.375,10794.949166666667,1.054,0.029858124474763954,10241.887254901962,0,True,False,False,True,False,False,False,False,False,False,False,False,False,False,False,False,False,False,False,False
2021,5545,621.1999999999999,24.98333333333333,62.60833333333333,10768.575833333334,1.912,0.1120288548241659,5632.100331241284,1,True,False,False,True,False,False,False,False,False,False,False,False,False,False,False,False,False,False,False,False
2022,8810,696.9,26.23333333333333,59.00833333333333,11192.769166666669,1.658,0.07910329171396141,6750.765480498594,2,True,False,False,True,False,False,False,False,False,False,False,False,False,False,False,False,False,False,False,False
2023,5271,539.0,26.791666666666668,58.59166666666667,11368.540833333333,2.101,0.10225763612217796,5411.014199587497,3,True,False,False,True,False,False,False,False,False,False,False,False,False,False,False,False,False,False,False,False
2024,8430,499.0,25.675,56.90833333333333,11431.135,2.085,0.05919335705812574,5482.558752997602,4,True,False,False,True,False,False,False,False,False,False,False,False,False,False,False,False,False,False,False,False
2025,25144,631.6,26.35,57.875,11830.548333333332,1.557,0.025119312758510978,7598.296938557054,5,True,False,False,True,False,False,False,False,False,False,False,False,False,False,False,False,False,False,False,False
2020,7033,745.4,26.0,62.61666666666667,2220.215833333333,3.867,0.10598606569031707,574.1442548056202,0,False,True,False,False,False,False,False,False,False,False,False,False,True,False,False,False,False,False,False,True
2021,12832,597.9,26.566666666666663,59.18333333333334,2286.276666666666,4.202,0.04659445137157107,544.0924956369981,1,False,True,False,False,False,False,False,False,False,False,False,False,True,False,False,False,False,False,False,True
2022,19286,532.3000000000001,24.28333333333333,61.64166666666667,2305.3475,3.627,0.027600331846935604,635.6072511717673,2,False,True,False,False,False,False,False,False,False,False,False,False,True,False,False,False,False,False,False,True
2023,28895,718.6,26.275,62.30833333333334,2389.896666666667,4.31,0.02486935455961239,554.5003866976026,3,False,True,False,False,False,False,False,False,False,False,False,False,True,False,False,False,False,False,False,True
2024,9805,621.5,27.08333333333333,61.39166666666667,2383.1116666666667,4.368,0.06338602753697094,545.5841727716727,4,False,True,False,False,False,False,False,False,False,False,False,False,True,False,False,False,False,False,False,True
2025,19561,790.9,26.016666666666666,59.458333333333336,2531.4333333333334,4.769,0.04043249322631767,530.8100929614874,5,False,True,False,False,False,False,False,False,False,False,False,False,True,False,False,False,False,False,False,True
2020,8564,745.4,26.0,62.61666666666667,1904.7358333333332,3.716,0.0870387669313405,512.5769196268388,0,False,True,False,False,False,False,False,False,False,False,False,False,True,False,False,False,False,False,True,False
2021,15745,597.9,26.566666666666663,59.18333333333334,1938.5016666666668,4.008,0.03797395998729755,483.65810046573523,1,False,True,False,False,False,False,False,False,False,False,False,False,True,False,False,False,False,False,True,False
2022,23180,532.3000000000001,24.28333333333333,61.64166666666667,1988.4158333333332,3.768,0.022963761863675585,527.7112084217976,2,False,True,False,False,False,False,False,False,False,False,False,False,True,False,False,False,False,False,True,False
2023,18832,718.6,26.275,62.30833333333334,2023.4325,3.454,0.038158453695836876,585.8229588882455,3,False,True,False,False,False,False,False,False,False,False,False,False,True,False,False,False,False,False,True,False
2024,28696,621.5,27.08333333333333,61.39166666666667,2074.310833333333,3.754,0.021658070811262895,552.5601580536315,4,False,True,False,False,False,False,False,False,False,False,False,False,True,False,False,False,False,False,True,False
2025,26260,790.9,26.016666666666666,59.458333333333336,2087.608333333333,3.449,0.030118050266565118,605.2793080119841,5,False,True,False,False,False,False,False,False,False,False,False,False,True,False,False,False,False,False,True,False
2020,9675,745.4,26.0,62.61666666666667,6940.340833333333,2.024,0.07704392764857881,3429.0221508563895,0,False,True,False,False,False,False,False,False,False,False,False,False,True,False,False,False,True,False,False,False
2021,23024,597.9,26.566666666666663,59.18333333333334,6890.645833333333,1.712,0.025968554551772063,4024.9099493769468,1,False,True,False,False,False,False,False,False,False,False,False,False,True,False,False,False,True,False,False,False
2022,22602,532.3000000000001,24.28333333333333,61.64166666666667,7030.3425,2.447,0.023551013184673925,2873.0455659991826,2,False,True,False,False,False,False,False,False,False,False,False,False,True,False,False,False,True,False,False,False
2023,22338,718.6,26.275,62.30833333333334,7190.064166666667,1.751,0.03216939743934103,4106.261660003808,3,False,True,False,False,False,False,False,False,False,False,False,False,True,False,False,False,True,False,False,False
2024,9133,621.5,27.08333333333333,61.39166666666667,7486.445833333334,1.986,0.06804992882951932,3769.610187982545,4,False,True,False,False,False,False,False,False,False,False,False,False,True,False,False,False,True,False,False,False
2025,18913,790.9,26.016666666666666,59.458333333333336,7555.498333333333,2.187,0.0418177972822926,3454.7317482091144,5,False,True,False,False,False,False,False,False,False,False,False,False,True,False,False,False,True,False,False,False
2020,14903,745.4,26.0,62.61666666666667,5722.235833333333,2.383,0.05001677514594377,2401.2739543992166,0,False,True,False,False,False,False,False,False,False,False,False,False,True,False,False,False,False,True,False,False
2021,17880,597.9,26.566666666666663,59.18333333333334,5708.089166666668,2.536,0.03343959731543624,2250.8238038906416,1,False,True,False,False,False,False,False,False,False,False,False,False,True,False,False,False,False,True,False,False
2022,6591,532.3000000000001,24.28333333333333,61.64166666666667,5913.283333333333,2.98,0.08076164466697013,1984.3232662192393,2,False,True,False,False,False,False,False,False,False,False,False,False,True,False,False,False,False,True,False,False
2023,6312,718.6,26.275,62.30833333333334,6139.259166666667,2.51,0.1138466413181242,2445.9199867197876,3,False,True,False,False,False,False,False,False,False,False,False,False,True,False,False,False,False,True,False,False
2024,24623,621.5,27.08333333333333,61.39166666666667,6166.82,2.192,0.02524062868050197,2813.3302919708026,4,False,True,False,False,False,False,False,False,False,False,False,False,True,False,False,False,False,True,False,False
2025,23088,790.9,26.016666666666666,59.458333333333336,6391.545833333334,2.051,0.03425589050589051,3116.307085974321,5,False,True,False,False,False,False,False,False,False,False,False,False,True,False,False,False,False,True,False,False
2020,18481,745.4,26.0,62.61666666666667,10331.223333333332,1.687,0.0403333152967913,6124.0209444773745,0,False,True,False,False,False,False,False,False,False,False,False,False,True,False,False,False,False,False,False,False
2021,26179,597.9,26.566666666666663,59.18333333333334,10959.194166666666,1.813,0.022838916688949155,6044.784427284427,1,False,True,False,False,False,False,False,False,False,False,False,False,True,False,False,False,False,False,False,False
2022,27890,532.3000000000001,24.28333333333333,61.64166666666667,10917.055833333334,1.794,0.01908569379705988,6085.315403195838,2,False,True,False,False,False,False,False,False,False,False,False,False,True,False,False,False,False,False,False,False
2023,23787,718.6,26.275,62.30833333333334,11319.420833333332,2.105,0.03020977845041409,5377.397070467141,3,False,True,False,False,False,False,False,False,False,False,False,False,True,False,False,False,False,False,False,False
2024,5294,621.5,27.08333333333333,61.39166666666667,11561.355,1.418,0.1173970532678504,8153.282792665726,4,False,True,False,False,False,False,False,False,False,False,False,False,True,False,False,False,False,False,False,False
2025,12009,790.9,26.016666666666666,59.458333333333336,12153.1275,2.431,0.06585893912898659,4999.229740847388,5,False,True,False,False,False,False,False,False,False,False,False,False,True,False,False,False,False,False,False,False
2020,6007,529.2,27.325,60.025000000000006,2196.2991666666667,4.137,0.08809721991010488,530.8917492546934,0,False,True,False,False,False,False,False,False,False,False,False,False,False,False,True,False,False,False,False,True
2021,26736,587.2,26.33333333333333,61.53333333333333,2221.2033333333334,4.256,0.021962896469180135,521.8992794486215,1,False,True,False,False,False,False,False,False,False,False,False,False,False,False,True,False,False,False,False,True
2022,5571,619.4,25.575,63.11666666666667,2301.2833333333333,4.102,0.11118291150601328,561.0149520559077,2,False,True,False,False,False,False,False,False,False,False,False,False,False,False,True,False,False,False,False,True
2023,21661,621.3,26.883333333333336,66.75,2373.0416666666665,4.327,0.028682886293338254,548.4265464910253,3,False,True,False,False,False,False,False,False,False,False,False,False,False,False,True,False,False,False,False,True
2024,22649,897.8,24.70833333333333,62.19166666666666,2396.2875,4.549,0.039639719192900345,526.7723675533083,4,False,True,False,False,False,False,False,False,False,False,False,False,False,False,True,False,False,False,False,True
2025,14077,717.3,24.891666666666666,65.22500000000001,2413.7533333333336,3.987,0.050955459259785466,605.405902516512,5,False,True,False,False,False,False,False,False,False,False,False,False,False,False,True,False,False,False,False,True
2020,21378,529.2,27.325,60.025000000000006,1844.54,4.196,0.02475442043222004,439.5948522402288,0,False,True,False,False,False,False,False,False,False,False,False,False,False,False,True,False,False,False,True,False
2021,26730,587.2,26.33333333333333,61.53333333333333,1928.2808333333328,3.907,0.02196782641227086,493.54513266786097,1,False,True,False,False,False,False,False,False,False,False,False,False,False,False,True,False,False,False,True,False
2022,29604,619.4,25.575,63.11666666666667,1988.4625,4.003,0.020922848263748142,496.7430676992256,2,False,True,False,False,False,False,False,False,False,False,False,False,False,False,True,False,False,False,True,False
2023,16801,621.3,26.883333333333336,66.75,2029.611666666667,3.478,0.03697994167013868,583.557120950738,3,False,True,False,False,False,False,False,False,False,False,False,False,False,False,True,False,False,False,True,False
2024,19288,897.8,24.70833333333333,62.19166666666666,2081.2675,4.009,0.0465470759021153,519.1487902220005,4,False,True,False,False,False,False,False,False,False,False,False,False,False,False,True,False,False,False,True,False
2025,22482,717.3,24.891666666666666,65.22500000000001,2114.3058333333333,4.285,0.031905524419535626,493.42026448852585,5,False,True,False,False,False,False,False,False,False,False,False,False,False,False,True,False,False,False,True,False
2020,27042,529.2,27.325,60.025000000000006,7030.2425,1.7,0.019569558464610608,4135.4367647058825,0,False,True,False,False,False,False,False,False,False,False,False,False,False,False,True,False,True,False,False,False
2021,17857,587.2,26.33333333333333,61.53333333333333,6926.674166666667,2.154,0.032883463067704545,3215.726168368926,1,False,True,False,False,False,False,False,False,False,False,False,False,False,False,True,False,True,False,False,False
2022,6980,619.4,25.575,63.11666666666667,7200.890833333334,2.078,0.08873925501432664,3465.298764837986,2,False,True,False,False,False,False,False,False,False,False,False,False,False,False,True,False,True,False,False,False
2023,22175,621.3,26.883333333333336,66.75,7452.723333333332,2.147,0.028018038331454338,3471.2265176214873,3,False,True,False,False,False,False,False,False,False,False,False,False,False,False,True,False,True,False,False,False
2024,23639,897.8,24.70833333333333,62.19166666666666,7420.040833333333,1.968,0.037979609966580646,3770.3459518970185,4,False,True,False,False,False,False,False,False,False,False,False,False,False,False,True,False,True,False,False,False
2025,22368,717.3,24.891666666666666,65.22500000000001,7762.455000000001,2.262,0.0320681330472103,3431.6777188328915,5,False,True,False,False,False,False,False,False,False,False,False,False,False,False,True,False,True,False,False,False
2020,13782,529.2,27.325,60.025000000000006,5493.344166666667,2.007,0.03839791031780584,2737.0922604218567,0,False,True,False,False,False,False,False,False,False,False,False,False,False,False,True,False,False,True,False,False
2021,11342,587.2,26.33333333333333,61.53333333333333,5863.911666666667,2.349,0.05177217421971434,2496.3438342557115,1,False,True,False,False,False,False,False,False,False,False,False,False,False,False,True,False,False,True,False,False
2022,13884,619.4,25.575,63.11666666666667,5764.116666666666,2.042,0.044612503601267645,2822.7799542931766,2,False,True,False,False,False,False,False,False,False,False,False,False,False,False,True,False,False,True,False,False
2023,20069,621.3,26.883333333333336,66.75,5982.6025,2.756,0.03095819422990682,2170.7556240928884,3,False,True,False,False,False,False,False,False,False,False,False,False,False,False,True,False,False,True,False,False
2024,10797,897.8,24.70833333333333,62.19166666666666,6060.186666666667,2.204,0.08315272760952117,2749.630973986691,4,False,True,False,False,False,False,False,False,False,False,False,False,False,False,True,False,False,True,False,False
2025,10109,717.3,24.891666666666666,65.22500000000001,6386.663333333334,2.095,0.07095657335047977,3048.5266507557676,5,False,True,False,False,False,False,False,False,False,False,False,False,False,False,True,False,False,True,False,False
2020,21967,529.2,27.325,60.025000000000006,10368.413333333334,1.265,0.0240906814767606,8196.37417654809,0,False,True,False,False,False,False,False,False,False,False,False,False,False,False,True,False,False,False,False,False
2021,9167,587.2,26.33333333333333,61.53333333333333,10724.815,1.979,0.06405585251445403,5419.310257705912,1,False,True,False,False,False,False,False,False,False,False,False,False,False,False,True,False,False,False,False,False
2022,22773,619.4,25.575,63.11666666666667,10699.749166666666,2.156,0.027198875861766125,4962.777906617192,2,False,True,False,False,False,False,False,False,False,False,False,False,False,False,True,False,False,False,False,False
2023,23427,621.3,26.883333333333336,66.75,11284.3125,1.653,0.026520681265206812,6826.5653357531755,3,False,True,False,False,False,False,False,False,False,False,False,False,False,False,True,False,False,False,False,False
2024,15640,897.8,24.70833333333333,62.19166666666666,11807.7275,1.595,0.05740409207161125,7402.963949843261,4,False,True,False,False,False,False,False,False,False,False,False,False,False,False,True,False,False,False,False,False
2025,20822,717.3,24.891666666666666,65.22500000000001,11699.696666666665,2.131,0.03444914033234079,5490.237760050054,5,False,True,False,False,False,False,False,False,False,False,False,False,False,False,True,False,False,False,False,False
2020,21019,871.9,26.45,60.51666666666667,2272.87,4.201,0.041481516722964934,541.03070697453,0,False,True,False,False,False,False,False,False,False,False,True,False,False,False,False,False,False,False,False,True
2021,29416,735.4,26.78333333333333,64.96666666666667,2304.1775,4.087,0.024999999999999998,563.7821140200635,1,False,True,False,False,False,False,False,False,False,False,True,False,False,False,False,False,False,False,False,True
2022,17236,561.9,25.08333333333333,59.625,2355.2475,3.729,0.03260037131585054,631.6029766693483,2,False,True,False,False,False,False,False,False,False,False,True,False,False,False,False,False,False,False,False,True
2023,20525,540.6,26.316666666666663,58.90833333333333,2360.75,4.612,0.02633861144945189,511.8712055507372,3,False,True,False,False,False,False,False,False,False,False,True,False,False,False,False,False,False,False,False,True
2024,21369,664.9,25.65,63.71666666666667,2447.9725,4.282,0.031115166830455333,571.6890471742176,4,False,True,False,False,False,False,False,False,False,False,True,False,False,False,False,False,False,False,False,True
2025,29892,586.7,25.4,59.225,2521.5575000000003,4.543,0.019627325036799145,555.042372881356,5,False,True,False,False,False,False,False,False,False,False,True,False,False,False,False,False,False,False,False,True
2020,26767,871.9,26.45,60.51666666666667,1880.1141666666665,3.951,0.032573691485784734,475.85779971315276,0,False,True,False,False,False,False,False,False,False,False,True,False,False,False,False,False,False,False,True,False
2021,18629,735.4,26.78333333333333,64.96666666666667,1890.7258333333327,4.356,0.039476085672875624,434.0509259259258,1,False,True,False,False,False,False,False,False,False,False,True,False,False,False,False,False,False,False,True,False
2022,5458,561.9,25.08333333333333,59.625,1973.765,4.054,0.10294979846097471,486.8685249136655,2,False,True,False,False,False,False,False,False,False,False,True,False,False,False,False,False,False,False,True,False
2023,21405,540.6,26.316666666666663,58.90833333333333,2024.955,3.918,0.025255781359495445,516.833843797856,3,False,True,False,False,False,False,False,False,False,False,True,False,False,False,False,False,False,False,True,False
2024,26288,664.9,25.65,63.71666666666667,2104.620833333333,3.465,0.025292909312233717,607.3941798941798,4,False,True,False,False,False,False,False,False,False,False,True,False,False,False,False,False,False,False,True,False
2025,20313,586.7,25.4,59.225,2147.0975,3.523,0.028882981341997738,609.4514618223104,5,False,True,False,False,False,False,False,False,False,False,True,False,False,False,False,False,False,False,True,False
2020,16894,871.9,26.45,60.51666666666667,6912.505833333334,2.001,0.05161003906712442,3454.525653839747,0,False,True,False,False,False,False,False,False,False,False,True,False,False,False,False,False,True,False,False,False
2021,29363,735.4,26.78333333333333,64.96666666666667,6849.1033333333335,2.451,0.025045124816946495,2794.411804705562,1,False,True,False,False,False,False,False,False,False,False,True,False,False,False,False,False,True,False,False,False
2022,5661,561.9,25.08333333333333,59.625,7218.935833333333,1.671,0.09925808161102279,4320.12916417315,2,False,True,False,False,False,False,False,False,False,False,True,False,False,False,False,False,True,False,False,False
2023,21002,540.6,26.316666666666663,58.90833333333333,7297.990000000001,1.886,0.02574040567564994,3869.5599151643696,3,False,True,False,False,False,False,False,False,False,False,True,False,False,False,False,False,True,False,False,False
2024,17732,664.9,25.65,63.71666666666667,7314.099166666667,1.647,0.03749718023911572,4440.861667678608,4,False,True,False,False,False,False,False,False,False,False,True,False,False,False,False,False,True,False,False,False
2025,12005,586.7,25.4,59.225,7734.900000000001,2.213,0.048871303623490216,3495.2101220063264,5,False,True,False,False,False,False,False,False,False,False,True,False,False,False,False,False,True,False,False,False
2020,7071,871.9,26.45,60.51666666666667,5532.086666666667,1.914,0.12330646301796068,2890.3274120515503,0,False,True,False,False,False,False,False,False,False,False,True,False,False,False,False,False,False,True,False,False
2021,8453,735.4,26.78333333333333,64.96666666666667,5822.294999999999,2.693,0.08699869868685674,2162.010768659487,1,False,True,False,False,False,False,False,False,False,False,True,False,False,False,False,False,False,True,False,False
2022,11563,561.9,25.08333333333333,59.625,5821.681666666666,2.295,0.04859465536625443,2536.680464778504,2,False,True,False,False,False,False,False,False,False,False,True,False,False,False,False,False,False,True,False,False
2023,17003,540.6,26.316666666666663,58.90833333333333,6167.5275,2.028,0.031794389225430805,3041.187130177515,3,False,True,False,False,False,False,False,False,False,False,True,False,False,False,False,False,False,True,False,False
2024,22778,664.9,25.65,63.71666666666667,6295.900000000001,1.935,0.029190446922469047,3253.6950904392766,4,False,True,False,False,False,False,False,False,False,False,True,False,False,False,False,False,False,True,False,False
2025,25098,586.7,25.4,59.225,6286.9158333333335,2.952,0.02337636465056977,2129.7140356820237,5,False,True,False,False,False,False,False,False,False,False,True,False,False,False,False,False,False,True,False,False
2020,24342,871.9,26.45,60.51666666666667,10562.348333333332,1.726,0.035818749486484266,6119.552916183854,0,False,True,False,False,False,False,False,False,False,False,True,False,False,False,False,False,False,False,False,False
2021,28279,735.4,26.78333333333333,64.96666666666667,10503.415833333334,2.351,0.02600516284168464,4467.637530129024,1,False,True,False,False,False,False,False,False,False,False,True,False,False,False,False,False,False,False,False,False
2022,5525,561.9,25.08333333333333,59.625,11023.195833333331,2.09,0.10170135746606335,5274.256379585327,2,False,True,False,False,False,False,False,False,False,False,True,False,False,False,False,False,False,False,False,False
2023,7365,540.6,26.316666666666663,58.90833333333333,11397.218333333332,1.56,0.07340122199592668,7305.9091880341875,3,False,True,False,False,False,False,False,False,False,False,True,False,False,False,False,False,False,False,False,False
2024,5013,664.9,25.65,63.71666666666667,11581.2525,1.546,0.13263514861360462,7491.107697283312,4,False,True,False,False,False,False,False,False,False,False,True,False,False,False,False,False,False,False,False,False
2025,13321,586.7,25.4,59.225,11892.853333333333,1.659,0.044043239996997226,7168.687964637331,5,False,True,False,False,False,False,False,False,False,False,True,False,False,False,False,False,False,False,False,False
